1.131260074489778944e+00,3.280270209340724108e+00,3.766600231875212046e+01
1.538337550943856158e+00,1.800507715754289251e-01,-8.877467254188278645e+00
2.419230832257181163e+00,3.379707540062247162e+00,2.288230392474118347e+01
7.373290636074614213e-01,2.612396372291103219e+00,1.557091917679146675e+01
2.595433257279884387e+00,4.255984274639049048e+00,8.043301035847272829e+01
4.701246277446610833e+00,1.507152473280362059e+00,-9.308903319854039182e+01
1.332618195879645029e+00,4.218638589714229781e+00,9.865663628145127007e+01
2.209264638362601119e+00,5.972929442048151571e-01,-2.066861956728125449e+01
9.238590169704650634e+00,5.810632463011263127e+00,-5.020793477578995834e+01
4.690670298006702765e+00,2.674765393793363089e+00,-7.439996550743992998e+01
2.618948685225356954e+00,5.510468799833105891e-01,-2.881519730784032873e+01
4.055733527937741556e+00,1.944227492469449814e+00,-6.553074111274125357e+01
9.008134166364243356e-01,1.057145218455419311e+00,-4.077179801159246608e+00
3.007937138405928579e+00,4.230710614067000108e+00,6.825791850145907347e+01
2.206752769472412723e+00,5.341849465813446329e-01,-2.044955881900978767e+01
3.732172688401098171e+00,3.931080479048606691e+00,2.305346033475118261e+01
4.006875642677343308e-01,3.184289018770634527e+00,3.820117859603970345e+01
5.063924382291649096e+00,4.760146989293598807e+00,5.088915107507567370e+01
3.603356375903761233e+00,2.457815351930772607e+00,-4.177977772282820013e+01
4.244793434173457669e+00,1.352257403165715743e+00,-7.639674144103204867e+01
3.571563939303912250e+00,1.165203898569156848e+00,-5.448929256205863680e+01
1.608530786582029748e+00,3.146828565351718510e+00,2.574573299855519792e+01
9.083742851089148473e+00,6.002546224326511748e+00,-2.732937572634751788e+00
5.517578534298085202e+00,3.501187700869806463e+00,-7.535922850058344125e+01
4.672639397804726258e+00,4.342843760453776625e+00,2.378336379620842678e+01
4.697073632175234437e+00,8.607282186621532105e-01,-9.357688205910744728e+01
1.802506936371878865e+00,4.117921429301718561e+00,8.362590249806765996e+01
3.935332872785224367e-01,2.853685107453911129e+00,2.494466838834687650e+01
3.360513533838281219e+00,3.893761907755081353e+00,3.157738559436527481e+01
8.557926415121208663e-01,1.933719101596425460e+00,1.335367255432861278e+00
6.694675790217811340e+00,4.994816274660793809e+00,-2.274184716181709476e+00
5.837970174416767577e+00,5.089902488325009244e+00,5.579340918527338289e+01
4.796280419774394232e+00,3.642827828751975971e+00,-3.530352670302837481e+01
3.285271416824393498e-01,2.855148329526455697e+00,2.522638289758044650e+01
3.062810043778883440e+00,1.246813723029905674e+00,-4.010473155624560349e+01
5.752067013602069068e-01,2.175362157427638721e+00,6.697441321666424585e+00
3.092410629738715500e+00,3.612782055952191484e+00,2.018426876101232281e+01
7.066427219149417738e+00,5.754299050150899930e+00,9.025787555232709281e+01
3.458361950685100439e+00,1.500171894351296942e+00,-5.018390472410336400e+01
9.746061557071641346e-01,3.283832205004273419e-01,-3.686215105565826100e+00
1.483973039565144703e+00,1.762659237424726300e+00,-6.858914485333386324e+00
6.518615904784962112e+00,4.614931554963243698e+00,-3.689717318105925870e+01
3.841061615124862882e+00,2.193353318267226015e+00,-5.468888366717939675e+01
3.076496984961195835e+00,4.430320565274499245e-01,-3.934438684184824098e+01
4.869493653126507837e+00,7.310562299293721367e-02,-9.567823538269782091e+01
5.023614488140889733e+00,5.067358355331649022e+00,9.048238376491894996e+01
9.941467052999925613e+00,6.600802030346930138e+00,5.530259211900526850e+01
5.503377316154701049e+00,4.278667474486969269e+00,-1.810506896098498686e+01
1.157272707748855822e+00,3.990276715891793557e+00,8.178204185651250668e+01
3.004436717161343751e+00,2.395797699541290626e+00,-2.634079446284517090e+01
2.630665180861202046e+00,1.375473926364669808e-01,-2.718199530346142012e+01
3.221051915317655556e+00,2.238145123618002330e+00,-3.527131000331737454e+01
8.683923546663496751e-01,1.541557410295187225e+00,-2.316111186065899830e+00
5.055745766339036606e+00,4.516381663864244445e+00,2.484246676662839803e+01
1.037810290985593298e+00,3.272654771215279368e+00,3.819107190408176677e+01
1.135957158166512215e+00,2.851268879862276506e+00,1.975443347539674477e+01
7.650061994135683108e+00,5.175696523562114848e+00,-3.646655991295138932e+01
8.965584061584152664e+00,5.838781755816009778e+00,-2.407837927115665977e+01
7.392768905550610725e-01,3.332262847919267301e+00,4.352923589338288934e+01
1.451897002955726990e+00,1.020133876057291999e+00,-9.573058720377575881e+00
2.082689049160720174e+00,3.837498323438968129e+00,5.742423973324199693e+01
6.118283745213911828e+00,5.193148285495059469e+00,5.559241201633570739e+01
4.574247040113142759e+00,3.928008311557471544e+00,-7.013480582974541022e+00
1.381057793278959167e+00,1.631408466817514835e+00,-6.675397058742122525e+00
3.821286266804444054e+00,2.373175280962074751e+00,-5.056835631200397785e+01
5.271980141255916408e-01,1.956995669076082578e-01,-7.562500735039313637e-01
3.964132773562848655e+00,2.390737480962044970e+00,-5.491606060835623282e+01
5.599189392680708366e+00,3.842580237766542339e+00,-5.756620177602722777e+01
4.187222938174068432e+00,2.884922462050717229e+00,-4.860144324796034709e+01
3.564648863742927887e+00,1.333075979271157507e+00,-5.397883894722565401e+01
4.493405569006343470e+00,1.070017823295783543e+00,-8.592344465650829477e+01
2.212520508962692034e+00,3.004312736020473551e-01,-1.975270363760321501e+01
3.555774541924506593e+00,2.827150576744141830e+00,-2.978266679998510114e+01
2.681315832275181776e-01,1.119142588096938340e+00,-8.660480008703598243e-01
7.323073173141075642e+00,4.696593503012220339e+00,-7.529198862048015428e+01
3.268499191798774461e+00,1.101050155011565224e+00,-4.577090995586898714e+01
5.303146285186608466e+00,5.045037053359077817e+00,7.524949421371772473e+01
3.596934595985615601e+00,3.973171517400748698e+00,3.045913329841274475e+01
2.710348556653428886e+00,1.626681062072172779e+00,-2.986946088865380489e+01
5.349171387255225341e+00,3.812205402912505647e+00,-4.804631565820859862e+01
1.965105973843442655e+00,3.252114060001861873e+00,2.507203492921471977e+01
1.949622240180964639e+00,2.078527084062258723e+00,-9.892687012835958527e+00
3.217118010052899990e+00,3.963382927373757525e+00,4.078833758858082348e+01
1.373936460901425960e-01,3.829463376518219775e+00,7.609693026935640603e+01
4.809247368282594692e+00,2.115956105661496167e-01,-9.512049897748278227e+01
1.606216242699886720e+00,3.835628075659506919e+00,6.492042715571464839e+01
4.669145474504611926e+00,4.651279462222262850e+00,5.509258774370128720e+01
4.544089930392090082e+00,2.496552703199327539e+00,-7.343244050626674380e+01
6.376964061648688897e-01,3.127396846024339538e-01,-1.506794411952854462e+00
7.388543283279993545e-01,3.193370223386434503e+00,3.682246625284191310e+01
6.831665942231190058e+00,4.629168347010235607e+00,-5.312792922893655145e+01
3.200388631812593587e+00,3.162932135408730971e+00,-6.415640777556676611e+00
4.546842515641287719e+00,2.832120223112195134e+00,-6.379114941958108176e+01
3.497951432762107515e-01,4.029566820140292549e+00,9.044162935978427242e+01
1.468022812829900658e+00,1.942273754986434398e+00,-4.709409092222292870e+00
7.800446363479679235e+00,5.532122238124511426e+00,6.746715685120980410e+00
1.280921798136631651e-01,3.762336376580385888e+00,7.148788214024416732e+01
7.040310117472078133e+00,5.472498015830687734e+00,4.524844516453735110e+01
7.950530881370628578e+00,6.071498546849866784e+00,9.257770281427949044e+01
5.769473518451295746e+00,3.958534367747896354e+00,-5.734042149288473667e+01
4.297933634264429870e+00,6.684924599240567034e-01,-7.795037014931507713e+01
2.686041235956279749e+00,3.544454857240005197e+00,2.615960275483587694e+01
6.791102523723186124e+00,4.340956789356367196e+00,-7.969387564545803571e+01
5.719663189104336354e+00,4.251083455961301993e+00,-3.090045174553945984e+01
5.095978648396389588e+00,2.564821033966191877e+00,-9.429297039719804729e+01
1.999064220493984578e+00,1.763904531159415257e+00,-1.451568096692648702e+01
4.894826804409502685e+00,3.489904058568525258e+00,-4.842411950019865685e+01
5.993696164139414861e+00,5.191040206419499370e+00,6.172025047638325645e+01
4.849889089679141563e+00,2.674133384610826170e-01,-9.720632905216821484e+01
5.546868544214440533e-01,2.512805947466066669e+00,1.397923759073693084e+01
3.129927395641491472e+00,3.876181786820705355e+00,3.671150080096373358e+01
4.801323226548031897e+00,2.219673227510131852e+00,-8.946001243892033017e+01
1.447197873112195055e+00,8.246761412860159624e-01,-9.421410041421225401e+00
1.594746975695484181e+00,2.172468739513730540e+00,-2.983589901102657205e+00
6.329436565936653381e+00,5.171795335956483441e+00,4.145164463018315359e+01
3.231765521743126257e+00,3.203928706718979669e+00,-5.421515930094322755e+00
3.997117728297169492e+00,4.344565835187328418e+00,4.893348581435877520e+01
4.281936491886215279e+00,2.836953060095417811e+00,-5.368135825050582355e+01
3.088550830390053292e+00,1.345087615904541067e+00,-4.053677536951047955e+01
6.629446856185655435e+00,5.586772338618278155e+00,8.739869696417288480e+01
3.886454385116254073e+00,1.332990783993130535e+00,-6.412415699108285594e+01
1.256568202327397188e+00,2.447367608640503178e+00,6.764298826028940503e+00
6.811427223473916825e+00,5.627264247357846472e+00,8.367158175996799230e+01
3.230333645799197129e+00,1.614496541648867023e+00,-4.306220538674250520e+01
6.675171312275750779e+00,5.330392121816316831e+00,4.496078912792055604e+01
9.151755313723786145e-01,3.679535205664791420e+00,6.210809930254634281e+01
4.708794026647764142e+00,4.205068499632044876e+00,9.935243666010570962e+00
8.304136934379052093e+00,5.835624588747208463e+00,2.384218254391275593e+01
2.937285976335013871e+00,1.931054734144293406e+00,-3.247007805966246963e+01
1.701952671825935681e+00,4.134884438170789878e+00,8.657311345989876372e+01
8.152760610095629801e+00,5.224564704411429616e+00,-6.337505949873349920e+01
4.576459185644168315e-01,6.032196763174173526e-01,-1.290053707868534794e+00
5.286146465336351241e+00,2.882608658088178899e+00,-9.293221682023654751e+01
5.221109925911100902e+00,4.165623440173344960e+00,-1.511476343822474888e+01
1.506700711386850244e+00,3.196742001384777154e+00,2.937297327946616576e+01
1.521898368297051718e+00,1.980018280500884131e+00,-4.917400144628122582e+00
4.389914341660244190e+00,2.828818165875341961e+00,-5.793967024340155092e+01
2.958907324387837434e+00,1.121740757394336541e+00,-3.761486051997819402e+01
4.772834374385519496e+00,4.079630796369080770e+00,-3.165745652445834057e+00
4.319492958372698865e+00,1.019865836815796456e+00,-7.943127992717327857e+01
3.308372432180926026e+00,9.708472409848276641e-01,-4.685053666408117579e+01
3.446373189986321250e+00,5.702829376357243518e-01,-4.991316636282403607e+01
4.491584981257023657e+00,4.640620443661484629e+00,6.087275801646611484e+01
2.914342932911315742e+00,1.871601075314945462e+00,-3.258099369701505310e+01
6.802669480064974294e+00,4.579048592022250119e+00,-5.678031960395313860e+01
1.165677208201147508e+00,3.468161652871401657e+00,4.713876810519169425e+01
2.179062773995731561e+00,3.010813880257998676e-01,-1.914805821831052768e+01
6.956564682531983124e+00,4.473107982522886772e+00,-7.661934342593428937e+01
4.752530178502176739e-01,1.289495304054144142e+00,-1.155786365935163928e+00
3.189619073780695757e+00,1.176263205663676814e+00,-4.356292829340866035e+01
4.885405486982785206e+00,2.403699282838900331e-02,-9.443379520163789209e+01
3.214091315653364589e+00,5.347951578126881600e-01,-4.330354648851735533e+01
8.621002852625402113e+00,5.914551592560817639e+00,1.547877786667075739e+01
4.613044997137180303e+00,1.479691433092238384e-01,-8.677509036898892703e+01
2.779664442273301006e+00,1.513008979429306677e+00,-3.217051850652676137e+01
1.507480273825628103e+00,1.195225507992246250e+00,-1.010278682664083760e+01
2.419366514001403345e+00,6.256633693502777760e-01,-2.481349926833142661e+01
2.248546577123104129e+00,1.716422550240981337e-01,-1.977783320189605476e+01
3.493529372780400877e+00,3.953160989482649157e+00,3.207731358921885345e+01
5.708945830486751305e+00,5.129396494764083769e+00,6.744107727919892170e+01
2.784912994580373891e+00,4.343117677907947893e+00,8.400887697923104724e+01
1.949452300234575830e+00,3.081903007029985986e+00,1.770123939646239108e+01
2.508538867257573912e+00,2.012143950226388256e+00,-2.148800010857281961e+01
3.404718163792638919e+00,2.068322942425083966e+00,-4.324667206453317192e+01
4.846120094109650722e+00,1.563006502141799814e+00,-9.865499116821337111e+01
6.318276493697130292e+00,4.246610568533528252e+00,-6.193186643589496043e+01
3.779238656138886654e+00,1.715925978775917571e+00,-5.863569512876093626e+01
2.813116797549071180e+00,2.324263514355005000e+00,-2.311505154450771116e+01
1.408345464116617762e+00,7.582781653048016324e-01,-8.871105539125879957e+00
6.383795735674024030e+00,5.529449551761906889e+00,9.172698443284542691e+01
2.186406915505186177e+00,3.967629665084285051e+00,6.504597983953294715e+01
3.430054273768055495e+00,3.896592759704118336e+00,2.976340946660703679e+01
4.479662298865822123e+00,2.992450534168188625e+00,-5.538970490317140616e+01
3.235987071806928128e+00,6.987144865391172743e-01,-4.438939103312925027e+01
4.697491917201030986e+00,1.848582924358545654e+00,-9.041729637070632464e+01
5.871323183445760208e-01,3.178940546503504549e+00,3.708524497768897987e+01
7.491378625409968350e+00,5.679442567163924593e+00,5.109176276826654828e+01
2.899136032089643322e+00,3.337341770952374276e+00,9.751092627174594796e+00
2.053892461518181278e+00,4.146084435652122480e+00,8.177123681954216750e+01
4.143992307908451522e+00,3.507218749756809473e+00,-1.854624213515119990e+01
6.331710707085491663e-01,3.901905017125670838e+00,7.936773021866544298e+01
1.694214997524827737e+00,1.909305871050346326e+00,-8.178596633931366711e+00
9.872872811490935874e-01,1.083611723281265427e+00,-4.747408480935956909e+00
5.234368388012027751e+00,3.735967734526038697e+00,-4.803012590411862703e+01
4.775476692858031669e-01,5.426064323397739031e-02,-1.284206269553299640e-01
4.210470673912462658e+00,4.114990187688240653e+00,2.126183141375904739e+01
8.923533889206758829e+00,5.949054315290432271e+00,-6.202832012433256992e-01
1.991372895440726154e+00,2.400037233830062178e+00,-4.614964343849373485e+00
4.011242791691852716e+00,4.784638119683311430e+00,9.448238524715152664e+01
4.576856473109764067e+00,4.612307413907974052e+00,5.452495640946024480e+01
4.816175952689782491e+00,1.627529466822817739e+00,-9.704127675951966125e+01
1.902860296142874219e+00,1.362077751466522102e+00,-1.539584570524841567e+01
5.855669916934616026e-01,3.951561131774884217e+00,8.333697052419856277e+01
2.274095919773806429e+00,3.334035106467677423e+00,2.345949949151544089e+01
7.730021723523194055e+00,5.496819276064213611e+00,5.783280337119688141e+00
3.821203339761748197e+00,3.000804951013517297e+00,-3.179677011292461941e+01
6.703886022994964833e-01,2.692032657698300468e+00,1.831343678779091633e+01
4.548261690090015463e+00,1.070263088624091807e+00,-8.801760556374365763e+01
6.580190926593072476e-01,9.975093239938281897e-01,-2.508073203513612182e+00
4.492224688762188833e+00,2.231398049532662853e+00,-7.706029171356230734e+01
7.141012212492725553e-02,2.178025634658570908e+00,8.318637693428224011e+00
2.584798775784303615e+00,4.019741148523991114e+00,6.087775226403700657e+01
1.257997556133618744e+00,2.463274950058021773e+00,7.127639086126314361e+00
3.801727369744991591e+00,4.410615696364976301e+00,6.172636538331659040e+01
4.744586211703312628e+00,1.423099353912114395e+00,-9.517327250560691709e+01
4.023328696240266567e+00,1.174008861338220910e+00,-6.898075041136573304e+01
3.105638666378142787e+00,2.590444408172597690e+00,-2.419442330119762019e+01
4.720649078274696819e-02,3.813846230287458283e+00,7.515660076754595309e+01
7.947589599439766062e-01,4.057612992391156581e+00,9.025875259250118177e+01
3.088868952613825769e+00,1.227644246336470957e+00,-4.081682136942441019e+01
3.410653664411064767e+00,1.561013938113669397e+00,-4.847055552011706681e+01
3.716792412690452352e+00,1.875715992523590003e+00,-5.513832715518126548e+01
9.554062252615835860e-01,2.300092038894124613e+00,6.454334245977731754e+00
2.175192236304608784e+00,3.076685685340887488e+00,1.347196268391371632e+01
3.794559744332627105e+00,2.542578770390392151e+00,-4.570819709677809328e+01
4.120674036003276086e+00,9.329316128884190817e-01,-7.226616846768256153e+01
3.381328413311779357e+00,1.492372109230258204e+00,-4.798934242483211676e+01
2.490894136070703979e+00,4.248508275395970202e-01,-2.566587370182161720e+01
3.527140431379008234e+00,9.337009393926560818e-01,-5.312313482157838251e+01
3.071738775006842559e-01,2.221058793144777610e+00,8.609386160713730973e+00
1.212083277109979207e+00,1.781022714785038374e+00,-3.537221682372454268e+00
5.562379093637019878e-01,2.140890932033927996e+00,6.208266197683033560e+00
1.092569327644323351e+00,2.895950982821782205e+00,2.176445231529888247e+01
1.046698622896435893e-01,8.464139274209436792e-01,-7.460928253151782874e-01
4.363261259048815788e+00,4.909703785810412668e+00,9.683916856817303653e+01
3.944935095058353269e+00,1.710697920225847213e+00,-6.410400195472388418e+01
4.870261930579919962e+00,2.176597666296194333e+00,-9.303171698300310766e+01
5.411503308259247191e+00,4.320944978756710242e+00,-9.981890449397560872e+00
6.807631622558417916e+00,5.046504362801476518e+00,-2.081395851181662149e+00
4.349131041746236548e+00,2.833530047033512744e+00,-5.626445125980347228e+01
2.468524692641773655e+00,8.965644928349707499e-01,-2.632616508351687656e+01
7.947492809690555049e-01,4.097066659565946622e-01,-2.609957673326730454e+00
2.832543939343974415e+00,2.729187848647196546e+00,-1.324181438823120516e+01
1.943433618809367047e+00,3.331991785736851952e+00,2.936831664576489587e+01
7.720783956942138815e+00,5.654277207697548491e+00,3.202104716275307794e+01
8.810462984404665576e-02,5.952768481155441549e-01,-5.274535124972868916e-01
8.612450995050004110e+00,6.097833992319770857e+00,5.120815229436922777e+01
3.184952033546508687e-01,2.586965012758158267e+00,1.690767706236222523e+01
4.021443600364833060e+00,4.175841125593549918e+00,3.301459479814574394e+01
4.749761353887006265e+00,2.795636951671925274e+00,-7.302413130196640623e+01
4.811376225477504320e+00,3.799834847715093389e+00,-2.564685367980165154e+01
4.338545284258390922e+00,2.290984502853827820e+00,-7.018234799636049104e+01
5.777781142951283755e+00,3.991437705793590141e+00,-5.524199468704547655e+01
3.929014934387105029e+00,2.340880336043451138e+00,-5.479797276793195238e+01
3.352660526282839726e+00,7.566409794242652254e-01,-4.776254292096102461e+01
3.034596374678413255e+00,2.526610232055174876e+00,-2.401058929664118935e+01
4.610851643554816803e+00,3.052025831610007955e+00,-5.809179084305770857e+01
1.650312366549242071e+00,4.309990811249537757e-01,-1.122512616504295302e+01
3.143458818094632790e+00,5.526010248273962588e-01,-4.148133108662717916e+01
2.335131195264956716e-01,3.215406227728127675e+00,4.018078738136777872e+01
3.545494771870689732e-01,2.183715002291616969e+00,7.786349375217711533e+00
2.209705585188965316e+00,6.116101879040432010e-01,-2.071350443678120712e+01
4.386004613324045565e+00,4.836196376743499670e+00,8.709808299196383530e+01
4.272848013933669975e+00,4.789164106061393866e+00,8.574885294290459115e+01
2.598977867359240079e+00,6.400260062486236023e-01,-2.862896769275706532e+01
7.137621168772287916e+00,5.368812372599132132e+00,2.351886267054861435e+01
6.115372166333465032e+00,5.213428013636994152e+00,5.857977351523754805e+01
1.591646626228424566e+00,2.508050596371107943e+00,4.110058308242132696e+00
1.454459227578574598e+00,1.726965391835300068e+00,-6.807917192085874092e+00
5.580442722635565289e+00,4.736405554252618444e+00,2.476479887442921068e+01
3.155768773634051172e+00,6.806480978302857920e-01,-4.218749378199836286e+01
5.759716329305611282e+00,4.246832507790696098e+00,-3.323320108911929793e+01
4.370629693587542164e+00,3.290673338910480084e+00,-3.822320257128663457e+01
3.165590303696180996e+00,3.959613011502941760e+00,4.191148023288815239e+01
5.026306213345112184e+00,3.310262040319090104e+00,-6.347234729398568476e+01
5.036604352491131920e-01,3.436583922364189192e+00,5.038253505300004065e+01
4.186750410943574252e+00,3.611777843154658996e+00,-1.389558365107824045e+01
1.039848524193194734e+00,3.681200679581678514e+00,6.112499269565869042e+01
4.454469235928774751e+00,4.565818592517853602e+00,5.432504939783941467e+01
4.446929861571391029e+00,2.288744382652945220e+00,-7.426889945017528305e+01
1.737897108339838681e+00,6.363414373256226497e-01,-1.298407076533292503e+01
1.846647707467299782e+00,7.498997829151576866e-02,-1.234549545651782410e+01
7.567939382421986494e+00,5.371844389144618148e+00,-2.912134660906487760e+00
3.569525789331578380e+00,3.667762446966369438e+00,1.001415690314641260e+01
4.673248254016739267e+00,1.329847463723645262e+00,-9.261520681034447477e+01
6.573262074838812197e+00,5.287111561100578783e+00,4.437613829066273041e+01
2.147575276049879633e+00,1.533358469028714310e+00,-1.883488511305623803e+01
2.136025722194212051e+00,3.646339542270149892e+00,4.374004805609223467e+01
1.296917090636044989e+00,3.080119581821129771e+00,2.681417082044684008e+01
3.220073913416472422e+00,2.276870388379899524e+00,-3.451644210571522109e+01
1.577808497995825121e+00,2.749569774346305451e+00,1.115212829190704014e+01
3.452248840704106314e+00,3.405018347382529953e+00,-1.755558250835444367e+00
7.115552012125622383e+00,4.565456304128296949e+00,-7.670110693709276006e+01
1.071623940324757385e+00,1.230145974762013594e+00,-5.259855035090938991e+00
2.107019488502873017e+00,4.208930618134299806e+00,8.619565650400915047e+01
3.985162047989991407e+00,3.635388081410766858e+00,-5.418464580964275967e+00
7.360523875100675184e-01,6.268353686954526438e-01,-2.672686371422639873e+00
3.851790731146776281e+00,3.090134162675447271e+00,-2.916919106051170729e+01
3.303998474605458924e+00,2.160594553210406943e+00,-3.893053179336399694e+01
3.425769140626801601e+00,3.665411318057440582e+00,1.416291477320018188e+01
5.543671163941857216e+00,4.482131388437762709e+00,-6.395748589995142730e-01
4.308482069169967232e+00,3.368137368889570382e+00,-3.202732802524134570e+01
1.163842504107108766e-01,2.737113979288638532e+00,2.181252138100668247e+01
2.400571745159226111e+00,3.005713233292317099e+00,6.158273778417264310e+00
9.158755491828067363e+00,6.268758898023204296e+00,4.487002441141433451e+01
1.671058563554655763e+00,4.022202977697544313e+00,7.788775454226893658e+01
8.614032860318072693e-01,1.669603097504325007e+00,-1.373608654631243819e+00
7.133420123623963605e-01,6.451428871742912463e-01,-2.567303497090497100e+00
1.942593063198014391e+00,1.063637194452519807e+00,-1.659542153811784715e+01
4.782855457227253027e+00,6.494772258569359025e-01,-9.641400154141176415e+01
2.292604470056016197e+00,1.331065724965780461e+00,-2.243352785356179879e+01
4.633870574493272443e+00,1.371992995633174672e+00,-9.095032618254600720e+01
8.240660521438059050e-01,1.816929335689536629e-01,-2.206562491823349959e+00
8.233510173920937092e-01,3.649522865453409537e-01,-2.691469133304329464e+00
7.545481636034917727e+00,4.862148904020163087e+00,-7.018289909007661720e+01
3.587526159604815135e+00,1.037256800436949788e+00,-5.500957962285016123e+01
5.539106379341935948e+00,4.460081583891064128e+00,-2.621453362928275688e+00
3.678378965527722144e+00,2.680291946627740174e+00,-3.820829093129385257e+01
2.355183109489322746e+00,4.554003072149921394e-01,-2.303038014466637051e+01
7.888276420827242674e+00,6.038476003760866462e+00,9.032884142929891880e+01
1.162416214638785306e+00,4.200436692848105835e+00,9.894894515662389267e+01
9.147931649248317143e+00,6.378259809048859807e+00,6.916394139228476945e+01
3.963753866939690340e+00,1.334135168676603200e+00,-6.668814161079794189e+01
7.693665745997385841e+00,5.125914700076670272e+00,-4.611055368785078201e+01
8.249229695285293928e-01,7.610644153876897633e-01,-3.435219699942860583e+00
7.230710948395653759e+00,5.595229032781167788e+00,5.335421936668666376e+01
5.588209665981924701e-01,9.922659691593178621e-01,-2.000668645671620727e+00
6.652661520701293796e+00,4.275935948177275847e+00,-7.774082410110692365e+01
4.821209975577760432e+00,2.323918542956487698e+00,-8.829791408680323173e+01
3.077464231395873995e+00,4.408239348011775860e+00,8.283311855749451524e+01
5.461468407751912224e+00,5.269100339425769164e+00,9.872137332993290215e+01
2.976420344157538977e+00,9.646402094211623535e-01,-3.804521287608116609e+01
2.799257057247675817e+00,4.326529201508751754e+00,8.212055540296222489e+01
5.750308328891179599e+00,4.003740398251217414e+00,-5.294608195850953081e+01
3.551538851926158813e+00,4.046037080800248376e+00,3.751998563853008051e+01
6.380417132695626492e+00,4.896887366565696453e+00,2.961340564415868570e+00
1.369269644557164156e+00,5.338063179741787678e-01,-7.984455317329109292e+00
4.036483100148233305e+00,4.551794650983957524e+00,6.801717165639519180e+01
2.332203624310976053e+00,2.634363269493341875e+00,-5.001374037205253309e+00
6.914135902557809743e-01,2.836061748772014113e+00,2.283467645266927093e+01
1.929987263504337136e+00,1.567499675615639632e+00,-1.485902133348736953e+01
4.606776775467881890e+00,1.692424421586018468e-01,-8.676612845695842680e+01
1.675462504830997901e+00,3.837036274174248973e+00,6.402934199369470036e+01
3.892581947633752648e+00,3.886910616352075465e+00,1.458726216739356474e+01
5.476202364262942268e+00,4.109003757848693539e+00,-3.145643347901534526e+01
6.653361043712134659e+00,4.998791282347683662e+00,5.779085733159408100e-01
3.161762300559294303e+00,1.482643605321097624e+00,-4.194761133190158375e+01
7.332803436257517404e+00,4.725406884911834027e+00,-7.267072608618912000e+01
2.304197527082969543e-01,3.679020772034835574e-01,-3.240142811082309393e-01
5.340742132922606800e-01,2.092142622033845711e+00,5.531549922998562074e+00
6.461698486643101091e+00,5.549311834197370175e+00,9.065807344928015254e+01
3.659146177453074245e+00,4.344611385808754278e+00,5.999805265222394013e+01
4.742485693183148499e+00,1.748209381712689137e+00,-9.315503226970021444e+01
2.164145757232960321e+00,1.280376309067429830e+00,-2.014507052168967505e+01
1.496978938855665575e+00,1.462321029100170477e+00,-9.112154535928729260e+00
5.973088067181080874e+00,4.912705289354377669e+00,2.630327552199669583e+01
3.216452098787527802e-01,2.350932280799986174e+00,1.115033785175195469e+01
1.920599250083386167e+00,4.274775185409012579e+00,9.528917621113232883e+01
1.383970285137543499e+00,3.357720782694746831e+00,3.876676089335073527e+01
4.373419458012403283e+00,4.663949043685519769e+00,6.788714674621219558e+01
2.817103364816581745e+00,1.098872991208688532e+00,-3.416666115900509482e+01
5.897748775879403382e+00,4.502939568311303375e+00,-1.577916839989586606e+01
5.832233689739574345e-02,3.121288664976418659e+00,3.627380444400046144e+01
2.688072097217597545e+00,2.213825718506527096e+00,-2.229410031557885574e+01
3.800021993663950326e+00,3.493368622231876941e+00,-7.679468880405948994e+00
8.985264198562958882e-02,1.677355554994884201e+00,1.971649026709647368e+00
1.617160740010760378e+00,1.116913246327456477e+00,-1.166058448060041286e+01
1.933207250052792148e+00,1.872724243586104009e+00,-1.230651081257564350e+01
1.104359563010529399e+00,8.975993857974771117e-01,-5.808028775838195656e+00
4.228117641498080559e+00,2.203262986434189941e+00,-6.778234566682228035e+01
5.052781554733972058e+00,5.002697845745018412e+00,8.081977865802680583e+01
2.123231623350282149e+00,2.318741403732840212e+00,-8.676510637463255904e+00
5.531887766240791038e+00,4.783298016485268533e+00,3.244071957204351264e+01
4.614335476696922456e+00,3.177001370004512992e+00,-5.287611184990547031e+01
5.920653673876497436e+00,4.216852358606802298e+00,-4.386282294466789011e+01
3.213459026407402774e+00,1.361213146296771370e+00,-4.382025336059701459e+01
1.308384178518057439e+00,1.599575781693234333e+00,-6.060580536426898313e+00
1.260135521706107653e+00,1.860605615032078219e-01,-5.782643425287184336e+00
4.691341116324117877e+00,4.977515890025570044e+00,9.262862638465267651e+01
1.925289227349926691e+00,1.736404083186364744e-01,-1.427758663923062166e+01
3.796012700901187031e+00,4.407572284692061970e+00,6.161783987930315476e+01
1.116218088916978601e+00,1.434424400063964100e+00,-4.993710839832516513e+00
2.152433764324943155e+00,1.013235353662766514e+00,-2.023274858445810409e+01
5.479711660731023670e-01,4.939492890096648381e-01,-1.464420013482784722e+00
6.751988221666294976e+00,5.200537906605010363e+00,2.193679217888361066e+01
2.689067476953947988e+00,3.412669204331102435e+00,1.870862953152447616e+01
2.219151408031549977e-01,3.045480382496279503e-01,-2.082799181671370625e-01
3.922240932788362500e+00,3.411901647981313346e+00,-1.617960799148613660e+01
4.812586207398677374e+00,5.076713433738433423e-01,-9.704863246117847098e+01
3.454112526604056654e+00,1.282531848746160108e-01,-4.774576292270876365e+01
6.526712707456976403e+00,4.488140635501354225e+00,-5.049296661793396623e+01
2.122619155668534319e+00,2.242510855542981574e+00,-1.015049173199260224e+01
5.742567333756909420e-02,6.491008460753544540e-01,-5.803798672242274082e-01
6.262453599469857579e+00,5.426573857897793118e+00,8.214095266029646325e+01
2.807871735327022833e+00,4.119730284926379937e+00,6.376834491301738694e+01
3.904416295298640094e+00,4.548090658649170948e+00,7.211479891929094777e+01
6.581666296414255157e+00,5.273582640041947656e+00,4.195199018172183258e+01
3.546927095188898704e+00,3.267328130264868236e+00,-1.155972681681265612e+01
2.163210730375705992e+00,2.842089613632069245e+00,4.771758075206239624e+00
5.138389661276788090e+00,3.403231161755343237e+00,-6.355024246516401831e+01
4.275777110216225196e+00,2.698984779678426094e-02,-7.166376926971079797e+01
5.872038837252510746e+00,4.604695352514900364e+00,-3.925689481099351674e+00
5.615571997507775137e+00,5.144782350273919391e+00,7.403515970746769881e+01
3.709652400202035238e+00,3.895337650298962728e+00,2.113857686085722420e+01
2.611889417713179284e+00,8.906566291931419244e-01,-2.938843764458192354e+01
5.914262898054126083e+00,4.607718895451824892e+00,-5.720512044017191045e+00
3.960581908461268341e+00,4.237795797786926499e+00,4.047119499804669829e+01
3.956502776397599064e+00,4.683726244965145113e+00,8.490118064623435146e+01
5.482013656297411330e+00,4.690120491579122586e+00,2.420643218809244601e+01
4.934715305704502342e+00,3.579773652583659427e+00,-4.488150621785081995e+01
1.112013676393939221e+00,4.116555029875417659e+00,9.234361666223028919e+01
1.871692583879481120e+00,2.293083587697095638e+00,-4.883351772515021061e+00
1.841475420686244036e+00,7.734370343665517566e-01,-1.479498702437266822e+01
8.696035523603839579e+00,6.252376384086041128e+00,7.650618810463528519e+01
4.398030251816354763e+00,2.414204322109680945e+00,-6.981406998386691498e+01
2.851787477501732226e+00,4.114881134022656539e+00,6.229933331264025753e+01
4.743057025095680501e-01,1.731936155211943884e-01,-5.173802453065278195e-01
1.637849614823782218e+00,1.419166701086542304e+00,-1.118799745198742457e+01
1.101191753089896253e-01,8.599821335194235417e-02,1.763083726491044556e-01
3.211094491191060385e+00,1.740817968054484410e+00,-4.157839654284423858e+01
1.151959406477727654e+00,2.537042049300342939e+00,1.008348789375203580e+01
3.214495193539219642e+00,1.881389005279700655e+00,-4.029241064218800261e+01
2.566149222292182230e+00,2.787468946299387795e+00,-5.233379222518568241e+00
5.080362343911808409e-01,5.046465948310938643e-01,-1.317999165768275693e+00
9.848140932724362528e+00,6.246354485755368557e+00,-1.541709948328717950e+01
2.602388286848412946e+00,2.790236950042705999e+00,-5.944479624859013711e+00
4.086665665991924712e+00,4.703366499837251524e-01,-6.976511549673766410e+01
3.355999428155044484e+00,5.908836641978680859e-01,-4.740096842426807910e+01
9.225784848630301127e+00,6.487750471109400507e+00,8.743215884539074523e+01
5.200374777913483015e+00,2.912377274161016771e+00,-8.804714237273911692e+01
3.059795344409788953e+00,2.896727364693516549e+00,-1.335716546216094613e+01
6.379390230548036556e-01,5.060966999017164625e-01,-1.911124508705223102e+00
2.131558449410064782e-02,1.176158635705370159e+00,-4.409787991221081338e-01
3.003882685400506958e+00,2.639904507789815113e+00,-2.016725356026832472e+01
2.084523255097035843e+00,3.331455976539729136e+00,2.688818533522699283e+01
2.671651189343975830e+00,1.206197121668106220e+00,-3.068437898868808844e+01
2.232839551776011788e+00,2.607588877533391525e+00,-3.807883077981708997e+00
2.250301387948518084e+00,4.068945516349845803e+00,7.175986637535380908e+01
1.884610792067604734e-01,2.366616540695979154e+00,1.183554627626419276e+01
4.450786119173566036e+00,1.614926120066398241e+00,-8.278528143985870713e+01
7.773169993044227510e+00,5.473181039773818313e+00,-7.693309532965697528e-01
3.759858407511762479e+00,3.085647769716700850e+00,-2.637527095899394780e+01
3.253736822466173351e+00,5.944451425056307414e-01,-4.457546871004420552e+01
3.154462323534996671e+00,1.008809039125967644e+00,-4.267557842096750420e+01
3.298196574336850873e+00,2.825866740372129371e+00,-2.229844658282993564e+01
8.434511636321889938e+00,5.729527392270050257e+00,-4.127372396274734179e+00
8.547422911232210652e+00,6.036192042730416318e+00,4.387834205317339098e+01
1.167630487087931712e+00,3.146604665166758963e+00,3.107777343646632318e+01
9.363844400116104083e+00,5.666899485895495303e+00,-8.500909824861533082e+01
3.700780974217476427e+00,1.444780801775484846e+00,-5.778417602314030432e+01
6.876541998635193664e+00,5.561320309506081472e+00,6.906601885886719572e+01
4.494614753641315019e+00,1.373779657749391703e+00,-8.556841105146119730e+01
3.596252780763736112e+00,2.821154401483516594e+00,-3.121856894330269938e+01
4.602083278680485279e+00,1.750055600771290187e+00,-8.758129757594115006e+01
4.838144704668218665e+00,3.596192648257733993e+00,-3.987940311195426801e+01
9.690346384002097579e+00,6.690113419017517771e+00,9.751645113646483765e+01
1.112514467577199184e+00,4.874433782938680793e-01,-5.248676532359962899e+00
5.836406480147456222e+00,4.231873205568943419e+00,-3.833580889681226012e+01
7.644025106562381211e+00,4.919425273198180903e+00,-6.956352347357491794e+01
1.387961810843245658e+00,4.883882493244655620e-01,-8.086873783344145750e+00
9.956953720149858356e+00,6.551332581149623024e+00,4.246400138445650896e+01
8.107791291220586061e+00,5.454080003180175495e+00,-2.630833628142927338e+01
5.032528841166667988e+00,4.210880908284766022e+00,-2.993851179836001464e+00
8.144870987221981551e-01,3.307185033864143975e+00,4.173837724181154130e+01
2.844197260574057751e+00,1.366468952458692598e+00,-3.432973940613377550e+01
7.682440152227549390e+00,4.859653122916459012e+00,-7.933773258712874110e+01
2.610149188702113321e+00,4.438170389344499256e+00,9.717417903679364599e+01
1.514002023141653552e+00,2.250167383779828612e+00,-5.043386518778382177e-01
2.930631236213168123e+00,3.515114510796550462e+00,1.856896902606594679e+01
2.348402546191936224e+00,2.886945512501522870e+00,2.757470475135296084e+00
2.731221930097582629e+00,4.022784237777585759e-01,-3.081311115650061794e+01
3.332240457518071963e-01,4.024078808955227515e+00,9.006751265841194254e+01
4.501060150948109850e+00,4.477486188660190436e+00,4.351075512612872132e+01
6.213990869710563913e-01,3.744239895079655156e+00,6.839687984080018168e+01
8.723137869581996995e+00,5.931504769972853808e+00,1.110857499513765845e+01
2.602592014842308288e+00,2.303604253624422782e+00,-1.866689709126331564e+01
3.834998869041770675e+00,1.243155971898552536e+00,-6.263760312877344205e+01
6.335564146656658124e-02,5.795918531856951716e-01,-5.018844500551848942e-01
1.175902988963191120e+00,3.000933326355937680e+00,2.490114483970120318e+01
4.184775548403592893e+00,4.081017216350918630e+00,1.940303458459404595e+01
4.979249828959330770e+00,5.055407795526631887e+00,9.080205686415551725e+01
3.395430622079926408e+00,1.042460094224127332e+00,-4.934798104302620203e+01
5.757507400617580373e+00,4.904227334166336050e+00,3.602318890752971470e+01
8.325763597540017713e+00,5.850623382863208377e+00,2.502021336396197881e+01
1.038033147707746906e+00,3.139702901857523543e+00,3.203397752668701770e+01
4.551695373107540021e+00,4.782971757357891818e+00,7.452489343085196083e+01
4.032919369034930313e+00,4.306186544073224098e+00,4.415419726891489205e+01
4.397379535511154458e+00,2.438047659887285334e+00,-6.924858629219976081e+01
7.358822714941116061e+00,5.802782051190293444e+00,8.086604868130075374e+01
1.759010888212937829e+00,3.044277631177273236e+00,1.919465682500564441e+01
2.103488482588939945e-01,2.569108825598338086e+00,1.671655824752150465e+01
3.591911045806174485e+00,1.913811262401072355e+00,-5.083585708003833048e+01
3.622722299375460864e+00,3.988122656307295344e+00,3.080803952387851297e+01
5.054561092385688070e+00,4.431956802373449023e+00,1.646513075544820737e+01
3.778394167401099679e+00,2.675127161161166001e+00,-4.153568316105602065e+01
1.078554732241547853e+00,4.021400817209308087e+00,8.498880873018816828e+01
9.903695493645869874e-02,1.012113192957055929e+00,-7.132782976186798907e-01
7.267640606058698438e-01,9.081675821402015458e-01,-2.909376786208234922e+00
9.823776801458439678e+00,6.084906323472537792e+00,-4.611234923820805420e+01
1.674735176191038732e+00,4.013819192738122155e+00,7.717702269382220948e+01
1.393868464131751139e+00,1.766494611621032718e+00,-5.711185269297712530e+00
5.973381475658452899e+00,5.059446343468858132e+00,4.495739536114199097e+01
4.418186379023440580e+00,4.886466123375711845e+00,9.193654010023001888e+01
3.222494998394349608e-01,3.736092530906560683e-01,-5.016335099532109876e-01
6.047652384703013695e+00,4.185753005304375662e+00,-5.301393517536811828e+01
1.200466477128355081e+00,2.041086005268258674e+00,-3.023322858004404146e-01
8.011794609685622959e-01,1.182012751697602226e+00,-3.200730016847768589e+00
1.823114700811894195e+00,2.978080896832349111e+00,1.557413260494547025e+01
1.172963315033474174e+00,4.055596389995599793e+00,8.675685893525684378e+01
1.939728899582206623e+00,3.900560712422629805e+00,6.444340436256547378e+01
5.998311656398076508e-01,3.547459920971579805e+00,5.617306528269322285e+01
4.614309298104089407e+00,2.352198995398072867e+00,-7.943191731240099784e+01
3.064547059189274947e+00,2.200410178680492379e+00,-3.176036913109211213e+01
9.922333139036396688e-01,1.511529835818521406e-01,-3.271355368832482124e+00
7.709829752513552847e-01,2.644096573692467089e+00,1.624534584230367074e+01
1.280134421585881199e-01,8.810989253520951081e-01,-7.749121404559283777e-01
2.721614797282761344e+00,2.947774354223779980e+00,-3.120571717111820575e+00
4.465334213718341161e+00,3.279438167989308539e+00,-4.233305874801435920e+01
3.060236263526503464e+00,1.805112419996461881e-01,-3.759175691328557889e+01
2.134193735126332925e+00,4.811558938428852628e-01,-1.897870972336369633e+01
4.644127605663459946e+00,4.523523747887402635e+00,4.258908816615841886e+01
3.717575865411424374e+00,3.476884907638087441e+00,-5.960382038610504196e+00
3.698265750477450098e+00,3.099085303621881948e+00,-2.385042442586812328e+01
1.649757536287781434e+00,8.880645564601223896e-01,-1.211885352396799576e+01
1.967835455178768456e+00,3.335549178851380248e+00,2.913637509386799707e+01
4.758254007973320654e+00,3.158238314563710958e+00,-5.945064923244039790e+01
5.475448515609143030e+00,4.809469996098176381e+00,3.813979296624166437e+01
8.492285183742467325e+00,6.267434845222396689e+00,9.453151993954776344e+01
1.836622145028549369e+00,4.294122866059538524e+00,9.841562293943930229e+01
4.364074059261813687e+00,3.845495650057594972e+00,-4.982188866855127074e+00
4.601193575947178260e+00,3.446842943769784284e+00,-3.894559929078933180e+01
7.540911982229893340e+00,5.630573521719375307e+00,3.972223566905307734e+01
5.660492778739925512e+00,3.537595381861377675e+00,-8.006079006496463535e+01
4.697736546187645246e+00,1.673609448882416473e+00,-9.195250900870665589e+01
3.158003485816511358e+00,2.038909542825056320e+00,-3.678505858803040951e+01
3.733925024035524842e+00,2.216787911058686333e+00,-5.082896508616547493e+01
5.869278404298832186e+00,4.603607068327018936e+00,-3.903650419827932705e+00
4.068681496130825082e+00,1.046679391811069948e+00,-7.056388827452202861e+01
1.502421981097688430e+00,3.104289035410074504e+00,2.533015540362840312e+01
4.212550252788293648e+00,3.562314319521508565e+00,-1.779062395566423405e+01
8.217423111962762761e-01,2.131697712470160155e+00,4.430198396377971193e+00
4.221171179743649304e+00,3.851013258107819581e+00,6.389727499514434861e-01
5.048615991449612039e-01,3.164888740449400828e+00,3.687052554642234981e+01
1.232484175831112694e+00,3.423245294941125394e+00,4.396692693587552014e+01
9.484561677805483981e+00,5.691000080819266671e+00,-9.057857073397725856e+01
1.676150767236075367e+00,4.072166930082619984e+00,8.179496192978579927e+01
4.334893545628567324e+00,2.426830269001749585e+00,-6.718704357973800256e+01
1.964673174066584593e+00,7.485466549175878725e-01,-1.672157838537716046e+01
7.304729321836596512e+00,5.721158549944163951e+00,6.995586457048931095e+01
3.933108752175975553e+00,3.329625774987443165e+00,-2.081157998176630031e+01
3.632058131058542472e+00,2.767835391017518631e+00,-3.407166261325991741e+01
5.402439705448770724e+00,3.110008712489364058e+00,-8.936459397949580818e+01
5.230723277197395049e+00,4.509321111022082107e+00,1.645769538063429493e+01
2.280743226706864135e+00,1.543899459342483738e-01,-2.026370764360408572e+01
1.947130052959057167e+00,1.172628397160675462e-01,-1.425929503678828070e+01
6.386623858134164777e+00,4.762868148065145135e+00,-1.325451005828235829e+01
1.146129066591614176e+00,2.736528157846631615e+00,1.585526560465037171e+01
1.193173592092637847e-01,2.415844165811158462e+00,1.306508043237269590e+01
5.705171157926034908e+00,3.601072807042072554e+00,-7.845658040038337333e+01
2.837681840969661806e+00,1.455344923281476355e+00,-3.383040010692886312e+01
8.681145747264800150e-01,2.990936648988981261e+00,2.728934692055692324e+01
3.021127443714224370e+00,5.407973610554392963e-01,-3.828172827218365626e+01
9.637564472368360668e-01,3.336702421005732333e+00,4.203647913221949040e+01
7.328774120858838614e+00,5.818898816565775789e+00,8.561412855390558718e+01
6.322135457546089299e+00,3.784733209606237381e+00,-9.819030499917518284e+01
3.098351889838419027e+00,7.456272700219113148e-01,-4.083597089717535056e+01
4.161499128379777090e+00,1.423143085922012219e+00,-7.320195366754562372e+01
4.173553350570154308e+00,4.555115331651178323e+00,6.355521719550400661e+01
9.723315149646253985e+00,5.826611976487352962e+00,-8.634438625919470667e+01
5.002484799221679879e+00,2.378734136342991690e+00,-9.471443714196162489e+01
4.375122326931769834e+00,4.462040987942344827e+00,4.674093850012705786e+01
2.234944523551444462e+00,2.047471484327827440e+00,-1.545523248007124550e+01
2.462058682256511588e+00,1.505444004158842830e+00,-2.514439977326318143e+01
2.348457902192080837e+00,2.747511925346461936e-01,-2.220484310168763642e+01
4.080522287478004273e+00,1.220266514503066446e+00,-7.088782279884928528e+01
4.483224626952672764e+00,9.314659763571331297e-01,-8.542077603563150490e+01
2.399174666552788437e+00,2.066082931910166565e+00,-1.843258988856642588e+01
9.095814655722868736e+00,6.241922730363867799e+00,4.413236312836331621e+01
3.687361867428023743e+00,4.092129393205901522e+00,3.702807035249617940e+01
5.903726390284585790e+00,4.487741448107255948e+00,-1.761192784618786789e+01
5.838811410656568057e-01,1.267999711473354552e+00,-1.715264792401113736e+00
2.934733706981296208e+00,3.510514555876087073e+00,1.820236741127039792e+01
3.710969537192653434e+00,3.314193921265982112e-01,-5.683932776839517231e+01
8.260775692232943612e+00,5.634161136573990092e+00,-7.990752445249492020e+00
5.678279444509996665e+00,4.850388323146493263e+00,3.335829528429912472e+01
2.698003397650294843e+00,4.228083013449142058e+00,7.562381758368849205e+01
8.965783062741937925e+00,6.308834736422440415e+00,6.819657319460128519e+01
1.465926089728030846e+00,6.338063542569027931e-01,-9.343440140722979237e+00
1.862209959804637549e+00,2.645676172969944062e+00,3.787120642095624490e+00
1.061981287809889096e+00,1.845015465243646346e+00,-1.411370017757056949e+00
8.798834432395057803e+00,6.167746477926293380e+00,5.144260435674414822e+01
3.676108422683334709e+00,1.511308021370460608e+00,-5.671006653572041500e+01
3.122678195301350712e+00,1.770060366167353294e+00,-3.894162155296493211e+01
1.950716599737184254e+00,2.773571291426215168e+00,6.243352452307122213e+00
6.407720917714136988e-01,6.310140896493248164e-01,-2.143828266449006925e+00
1.008122332350126271e+00,8.851388982001910932e-01,-4.947394315072792814e+00
4.729222500777092719e+00,4.761051279089244304e+00,6.496625580129884270e+01
8.878982870340124123e-01,3.184986114587990969e+00,3.534798600705173754e+01
2.588093713985760047e+00,3.160189874719252501e+00,8.630071760272871373e+00
9.555657637834546136e+00,6.419238870404214481e+00,4.580555472532016381e+01
3.020531810659456085e+00,1.920581782685772509e+00,-3.470408466936444825e+01
5.799326934645222309e+00,5.164431397696731096e+00,6.779588086481108178e+01
5.463906230890414051e+00,3.911544408772185122e+00,-4.624213847574551295e+01
9.878670224732477578e-01,5.873130614988397724e-01,-4.385191625024903672e+00
3.356897857596194967e+00,3.263564294234965857e+00,-6.139485406849569671e+00
7.316946218122733825e+00,5.628340811581411529e+00,5.349037553902682163e+01
4.832388532938296066e+00,1.121672334810831728e+00,-9.927447306643159664e+01
1.778013903221806302e+00,7.200798187765027336e-01,-1.374161877090891970e+01
4.567049194536350498e+00,3.499621662895044949e-01,-8.658962833333629305e+01
1.320597927274933525e+00,3.165970096875543760e+00,3.027153617523920204e+01
4.905908403666749962e+00,2.607128928149508695e+00,-8.508846046688174170e+01
3.692322074416125588e-01,3.134251486279740817e+00,3.608035977860936327e+01
5.328866851266088389e+00,4.441280615995399472e+00,5.249577034249256258e+00
2.857150603818380930e+00,4.279030925220915549e+00,7.636615837815340058e+01
4.194415019301727554e+00,2.002362202707050898e+00,-6.964945576082972423e+01
4.857235186828372520e-01,2.559728543175602056e+00,1.553087951620017648e+01
3.864046720024248316e+00,2.580194965743793034e+00,-4.698482158390421404e+01
1.952354017395599328e+00,9.889669063569677121e-01,-1.676363396779003878e+01
1.755113217628249345e+00,2.906445715719929268e+00,1.393771090111143174e+01
4.372988720699954257e+00,3.685664756375821582e-01,-7.942632915791112680e+01
3.243284346018759479e+00,3.561087928214327292e+00,1.298431971133017804e+01
1.593176587405622513e+00,3.161200946584934002e+00,2.659783898994959728e+01
2.121772651400313237e+00,8.545991576648770405e-01,-1.957668122406159839e+01
2.832169620866778814e+00,8.490909893119145124e-01,-3.438535591549872805e+01
6.065498939835674008e-01,9.869109692997710681e-01,-2.236842690922227206e+00
6.533480010239294700e+00,4.886971549992743746e+00,-6.651064576922497196e+00
8.861708162204106287e+00,5.572139518738747910e+00,-6.186753260581990332e+01
5.344274254643881505e-01,3.645157298423686854e+00,6.245861265937045914e+01
7.216246134219876041e+00,5.144208567261443932e+00,-1.339324982843087852e+01
2.481473267758405044e+00,6.553573782089792132e-01,-2.616413181386369402e+01
5.537282867130567610e+00,5.085820736801750286e+00,6.981271262593909910e+01
1.723747761997744377e+00,7.255090012998728355e-01,-1.295525345174039167e+01
3.945264737422906620e+00,4.679746251949026714e+00,8.484051909787520174e+01
3.437524068553930334e+00,6.309337725385759654e-01,-4.985158914414045483e+01
4.733902662679426498e+00,2.196089778226411937e+00,-8.714488519894423746e+01
4.158712883473342004e+00,4.197812869055830731e+00,3.010892846660898314e+01
4.591341026807141290e+00,2.434951954035016186e+00,-7.672447214216944644e+01
2.851275305720559317e+00,2.442113709153499457e+00,-2.146455503417101696e+01
2.296726235277414929e+00,2.658675141347908166e+00,-3.598817859523201435e+00
2.041519424354046208e+00,3.941735718228789764e+00,6.573867058305472710e+01
4.327758163281707482e-01,2.736119740681425938e+00,2.088257710743701168e+01
2.131007964094370877e+00,2.283000526385752238e+00,-9.531194647119370700e+00
4.133616026331685234e+00,2.337469495002181930e+00,-6.187843937879262768e+01
6.065943477670625583e-01,2.646804469143908989e+00,1.734461275974835814e+01
2.916405811710101048e+00,1.837945608412264065e+00,-3.298956536387471772e+01
9.599790162670469584e-01,2.104207072519168165e+00,2.908730892963791170e+00
2.569868463591991059e-01,3.440445550602797553e+00,5.152948292266416530e+01
4.841953182612197537e+00,3.194656005436300461e+00,-6.123248665803171775e+01
7.361456550731741544e+00,5.623853361929981531e+00,4.996891107168899282e+01
3.239519249424283487e+00,4.522898754732430859e+00,8.985285573243710644e+01
1.228954834050362876e+00,2.082184100556077055e-01,-5.558289479663331534e+00
7.864815932664512843e-01,1.236113262867812423e+00,-2.987473561111725129e+00
3.753845838085720032e+00,2.485844344321888499e+00,-4.582008567681889843e+01
4.740660840293966061e+00,2.175343364438269589e+00,-8.776906611470361952e+01
3.627749982413755347e+00,1.534097219888998609e+00,-5.509567755136433220e+01
5.699927671239883864e+00,4.005693741347338133e+00,-5.034199306369600890e+01
4.396796496042618685e+00,1.867313515654728917e+00,-7.863091487349333875e+01
7.132143656625110850e+00,5.109855455366318466e+00,-1.291362729722601976e+01
1.591801060932116485e+00,2.118971950319535225e+00,-3.828883447400131423e+00
3.391950511852865446e+00,4.021124933880459551e+00,4.029392528397473683e+01
4.364788192977933079e+00,3.922278547307239904e+00,5.421949969695440963e-01
9.454613202829765584e+00,5.869956522928983844e+00,-5.665473412238493722e+01
4.523663634443270354e+00,3.600404068842838257e+00,-2.709085230934587685e+01
5.150361325171306959e+00,5.175213097744057578e+00,9.955161026016463666e+01
3.823380670049054686e+00,1.758451782092045335e-01,-5.934197711248336304e+01
2.709639526461725012e+00,3.238701725722602731e+00,9.472560385054258347e+00
4.938097529179001910e+00,4.674907377293466837e+00,4.666567655191077080e+01
2.401263898386060802e+00,1.546564998751268405e+00,-2.366399764353622714e+01
9.410436710320908560e-01,2.005988842387569804e+00,1.614062669994721588e+00
4.619373636570431430e+00,1.947001345341876188e+00,-8.623520188450244461e+01
4.794399091865322760e+00,1.402377104341258729e+00,-9.725534108993699078e+01
2.506323472901339500e-01,1.270622098037069492e+00,-4.974220122666905275e-01
3.220752848936228929e+00,2.050483054922711545e+00,-3.832289346581360689e+01
3.966064609091880300e+00,1.528364450579136502e+00,-6.600840678944034323e+01
4.431081696000786607e+00,2.402527785053917952e+00,-7.131336350252573197e+01
2.578094371255808426e+00,1.118142047619056001e+00,-2.870612679070903894e+01
3.042152178444831989e+00,4.275969984099582177e+00,7.140393395400263898e+01
7.657872230647601697e+00,5.809624785838927608e+00,6.300138725642646875e+01
3.356756743251969155e+00,4.490298747551095815e+00,8.322641884552413671e+01
3.914365816422090916e+00,3.737873976674968901e+00,3.534603797880097265e+00
7.774465899926394030e+00,4.874632299414280112e+00,-8.357217635976491010e+01
4.309372984461665723e+00,1.188753726591322391e+00,-7.903882206856788173e+01
7.367730629555452992e+00,4.512335593454997351e+00,-9.768097290965158663e+01
3.972796063765123620e+00,3.039661487179071031e+00,-3.528429920143238263e+01
7.500482861350757702e+00,5.419273952368111935e+00,8.588273582569719622e+00
1.172829669603645542e+00,2.007149552713528351e+00,-4.974200747415015722e-01
3.583141159957667909e+00,2.733635700507230482e+00,-3.364697093833039077e+01
7.370526423305857833e+00,5.874536923058105486e+00,9.305614094161347793e+01
1.407086809367310565e+00,4.009103667299640961e+00,8.041653312531285280e+01
1.782474100132866113e+00,2.705053315959027316e+00,6.797079811043439612e+00
6.104834961036857521e+00,3.639648633206579831e+00,-9.614584581004055508e+01
2.957444929586204196e+00,2.913978123587261493e+00,-1.010065930442818782e+01
3.142942160141810604e+00,7.072640236710974193e-01,-4.191586612203957429e+01
3.954275294415625197e+00,4.586973122912240797e+00,7.450929125824812616e+01
4.019348018267335121e+00,4.130424579855702660e-01,-6.721862505027840484e+01
5.260603149237395471e+00,2.988650999635005689e+00,-8.786795962659986969e+01
2.734862791102480983e+00,2.738961435164110725e+00,-1.061270492409093968e+01
2.496016367482134513e-02,2.120594186440101225e+00,7.393951598259179470e+00
5.151906922032200242e+00,4.894833585056449721e+00,6.300877121154905325e+01
1.249174150377609038e+00,3.163537285016941425e+00,3.096621023942942230e+01
8.782823817518863763e+00,5.504545406637467053e+00,-6.679960157053830017e+01
3.686300354964743065e+00,4.186052119445234254e+00,4.492603704645414098e+01
4.458238127779489801e+00,3.045477263684443159e+00,-5.247059856603183192e+01
1.282552620633667928e+00,1.226297775282317204e+00,-7.379408312630339140e+00
1.031499065922378833e+00,3.861841093357163857e+00,7.345351314258435593e+01
2.493206863823040464e+00,2.361563716826493575e+00,-1.508983219456537661e+01
3.162687976589470651e+00,1.722454539326911060e+00,-4.042383038679695062e+01
4.705016966398149592e+00,4.717269294610522579e+00,6.096467684798250986e+01
4.225917632544220481e+00,1.982660628558768678e+00,-7.103144480756542123e+01
3.181034167407219115e+00,4.453208594892529959e+00,8.444910997655630069e+01
2.799088129214981180e+00,3.020621743534260162e+00,-2.129196751607746130e+00
1.800285096144202512e+00,2.579689574770425153e+00,2.924551199227462206e+00
4.797417821665861837e+00,3.858023359279201259e+00,-2.100757583563161646e+01
9.405685132951724370e-01,1.880314153146258604e+00,3.478806455259686459e-02
1.392387867014580394e+00,1.896418968506893066e+00,-4.331996201749972464e+00
3.372367700384389266e+00,2.347323300849462058e+00,-3.737717839588303548e+01
9.561514113611817578e-01,1.699933281401509788e+00,-1.872495321057141560e+00
2.600152618569545382e+00,3.156334721100646945e+00,8.190321030231924482e+00
4.563905155503697131e+00,4.981139957377925143e+00,9.812166450553333163e+01
3.174220410996358765e+00,2.870953474995554089e+00,-1.731979844680706648e+01
1.976304152796515723e+00,8.844338319837241613e-01,-1.709947940616807927e+01
2.646351055877786962e+00,1.151751129811710683e+00,-3.018474643557784276e+01
6.021251927775448820e+00,4.232447361166883582e+00,-4.760431392203568635e+01
7.425560603534044901e-01,1.541149125131299868e+00,-1.441678244268531639e+00
1.991062722495634318e+00,3.544018042293011206e+00,4.012634925503287775e+01
4.298114365022803085e+00,3.225791799115606651e+00,-3.864742677310954377e+01
6.494093495983722875e+00,4.593006542309751694e+00,-3.787366281547945590e+01
3.755839347693274988e-01,1.174570298223027720e-01,-1.110922577150208479e-01
4.015731707935259465e+00,3.176076731071981740e+00,-3.092569520411296224e+01
7.594991695408783272e+00,5.636980657252559368e+00,3.731170499412788644e+01
6.757604071593721784e+00,4.240092046256730640e+00,-8.691290986606425406e+01
4.985145147545411604e+00,2.256379536344731207e+00,-9.642554362621072528e+01
5.713464937600924998e-01,2.279366214041523619e+00,8.643564334848683473e+00
2.340730716013592172e+00,1.920275220601707744e+00,-1.919253638067377921e+01
4.250498678792633100e+00,3.518171640879138806e+00,-2.173015674192915725e+01
8.866013098195047348e+00,5.593578822392881733e+00,-5.869270136678048289e+01
5.851669301891684327e+00,3.829859042628989130e+00,-7.074817887730540633e+01
8.520227906832115394e+00,5.715505777663359765e+00,-1.271265422034895387e+01
2.155539084518686366e+00,5.166582023890349262e-01,-1.946646582408472170e+01
4.581416172428532718e+00,3.068001858332891629e+00,-5.628572689729573142e+01
2.464629841656780229e+00,3.491810731176707705e+00,2.802927292512943680e+01
5.406013886636028332e+00,4.223858443978169674e+00,-1.845678471580292168e+01
3.098911861409280988e+00,1.922091329851083330e+00,-3.672548993801345318e+01
5.439566185656616426e+00,4.680405166577045861e+00,2.510442604989891890e+01
5.169831196983523114e-01,2.768657604507039238e+00,2.154751932339485876e+01
6.705743021277221771e-01,3.230160185133472694e+00,3.897239403601516727e+01
1.093519966648424102e+00,3.431942593100277605e+00,4.586468658578002788e+01
3.434928068351831953e+00,3.457556435258677396e+00,1.599204447777177629e+00
4.438668526995122932e+00,1.998134281661979372e+00,-7.865050019961213934e+01
5.150185308014204821e+00,4.954143547283639037e+00,7.042605694597099841e+01
2.189115867435415197e+00,6.324553922308613352e-01,-2.038609525835293823e+01
2.007310102949597663e+00,3.106795848100087909e+00,1.776937166248717759e+01
1.682012375596492859e+00,2.683475252602661953e+00,7.648556104023011670e+00
7.964851909969571153e+00,5.176151315286812604e+00,-5.727488325448680939e+01
5.800386878634729015e-01,2.937072041385091481e+00,2.711177902461599132e+01
3.926759550408968735e+00,3.921905213396847500e+00,1.600831764346253649e+01
8.757347206017644936e-01,1.880989620744522028e-02,-1.438505811667543099e+00
3.765216742495358204e+00,1.660735103699595427e+00,-5.860952748919549293e+01
6.102103082651030519e+00,4.254985385323955427e+00,-4.977682363091830098e+01
1.324649233796854730e+00,1.455773241808417495e+00,-7.068868247154445505e+00
1.013824366555112988e+00,1.387197777712597002e+00,-4.261566759336492538e+00
2.594765264360523460e+00,4.160969471872892456e+00,7.217717791258966997e+01
5.901312356653393820e+00,3.714794890079037515e+00,-8.099033292463303724e+01
1.979999793360530447e+00,1.324346031006486513e+00,-1.678907676851925501e+01
1.050106150650941927e+00,6.857050047902788492e-01,-5.084895962873384079e+00
1.066269932973568757e+00,2.213544015042803181e+00,3.821275578780936044e+00
5.601517415341842110e+00,3.578382223400804918e+00,-7.483898029762001158e+01
2.702229840927955706e+00,4.303601060205643591e+00,8.230398103251928887e+01
4.440359334330068464e-01,3.179432519006748947e+00,3.780258205946429939e+01
1.325442649447381882e+00,3.400137137781882757e+00,4.168383844715415165e+01
8.120529579887744376e+00,5.448033538876950743e+00,-2.812238901296491278e+01
8.114037494154331398e-01,3.607398895728653798e+00,5.840025535842419657e+01
6.908430646435665068e+00,5.356736499187613632e+00,3.539652715990841614e+01
2.680293682697401536e+00,2.350435652048926016e+00,-1.945931526596948657e+01
5.640556917122442115e+00,3.981006982723050314e+00,-4.937975599121200787e+01
9.645706085983821509e+00,6.566966670143731477e+00,7.197456054337409626e+01
1.995450483404040298e+00,2.281675834888138965e+00,-7.160610077215880942e+00
1.380128906655356147e+00,1.256353139607462310e+00,-8.415211150889049918e+00
1.260010483005938653e+00,1.691321492724950915e+00,-4.844280129233289323e+00
3.958973908395126529e+00,2.138033943722996710e+00,-5.951748105591878613e+01
4.640292724934296231e+00,4.482874338981714502e+00,3.862219073697310279e+01
2.607282009846841220e+00,3.616774240114324357e-01,-2.789648305805160433e+01
3.881527958393613531e+00,6.348289384479848252e-01,-6.351936909779922757e+01
3.455425589318096513e+00,2.997553836673736427e+00,-2.057694675897884196e+01
2.834222907669499136e-01,2.991863716821400843e+00,3.044348578238933101e+01
4.179757873197669227e+00,2.998393291476006084e+00,-4.410795604592036767e+01
3.244871094991930605e+00,2.127755434053518968e+00,-3.781782266460889730e+01
6.502811132268096372e+00,4.992647005001716209e+00,8.213345877201135181e+00
3.301567240823411353e+00,3.688344488264263532e+00,1.919727278578748297e+01
3.728001384940281326e+00,3.270034736484831228e+00,-1.704960308407531855e+01
4.292076139593788753e+00,3.518963627645828041e-01,-7.639977314573509659e+01
4.500755580403241751e+00,1.984824007942904700e-01,-8.301847875293289292e+01
2.572309335888853354e+00,2.650832448276217335e+00,-9.571851184762225628e+00
9.145137207305985783e+00,6.282523409936175085e+00,4.882774127615236637e+01
1.840402161712084705e-01,1.774290267722014036e+00,2.703468162773877470e+00
3.434404847275496664e+00,9.041953786323411180e-01,-5.036528256280848126e+01
4.168983214139849736e-01,1.644467732307814956e+00,9.226320482253729249e-01
8.140966576298016122e+00,5.865316598493897970e+00,4.060652357075720431e+01
5.644321544992898509e-01,6.140848028952170523e-01,-1.744241479432155906e+00
3.706482601285113532e+00,3.742448224101471155e+00,1.060102402284556966e+01
1.387082450706419223e+00,8.899553145381489117e-01,-8.764544034202153000e+00
3.008154714837774080e+00,2.962573953025291473e+00,-9.582675834871086096e+00
3.752004501599561337e+00,3.850101925141487413e+00,1.653811028348880541e+01
2.718788185841152227e+00,3.094314466189009849e+00,2.796817632702686129e+00
2.276587772410824329e+00,3.447206530621125253e+00,2.938073728149360164e+01
2.831280515829350364e+00,1.498496110490805222e+00,-3.347319740615554906e+01
1.269895077189548971e-01,4.290693466436863446e-01,-3.178227654863738927e-01
1.590319244464987847e+00,2.686025644005944457e+00,9.021506323230083169e+00
7.625442898345831111e-01,1.559639350139468306e+00,-1.457860250231899579e+00
7.492230367923490064e+00,4.727199444052310184e+00,-8.250439603094186225e+01
4.690183856923969330e+00,1.801946730424912602e+00,-9.058451696552917554e+01
1.235036134791334561e+00,1.131163516019036308e+00,-7.030053610432010380e+00
1.867849930722499607e+00,3.966555845190498530e+00,7.055588836514876050e+01
3.577738464538954943e+00,2.100469485587691310e+00,-4.789988719247426729e+01
3.914626299008528321e+00,3.186303667377018201e+00,-2.704755022546121879e+01
1.976747368334788035e+00,4.306896271175226332e+00,9.726244809222245635e+01
6.306732501019386206e+00,4.293204108816411235e+00,-5.713230422549501242e+01
3.292054168492432709e+00,1.251551889421165242e-03,-3.744638647225595207e+01
6.877313383335195596e+00,4.247436016145238469e+00,-9.319532991206558847e+01
1.264098518124093573e+00,2.136725821844105866e+00,4.940682153891892692e-01
3.092608847851703757e+00,4.181732932375865630e-01,-3.966140950349033290e+01
3.488090367163689365e+00,3.275792100953072605e+00,-9.383851249761169910e+00
3.151855759451581918e+00,1.085386386448529805e+00,-4.261240269337850606e+01
9.871259399082301655e+00,6.124347144574024071e+00,-4.225545925565368321e+01
5.425466099365543471e-01,2.202022960453167144e+00,7.333349419082461296e+00
4.921187134259190188e+00,4.234825705556296782e+00,3.822802632134691514e+00
2.642826402795188656e+00,1.377429718676143722e+00,-2.961054799401709658e+01
2.587473526805514012e+00,4.449375855727712548e+00,9.878518681899977594e+01
1.694834044916763816e+00,2.219782797123308171e+00,-3.564770385450048096e+00
3.647260106720064954e+00,4.666839978737861827e+00,9.309700007108708064e+01
3.774878046630565365e-01,4.079895047493288018e+00,9.437213763521909016e+01
1.365315415160514689e+00,4.143837550862826902e+00,9.184514949335080303e+01
4.083512461497932122e+00,4.104312071608655188e+00,2.487622262123822381e+01
1.944436665055309987e+00,2.910408242719748628e+00,1.106005978309515747e+01
9.074879646960781088e+00,5.615770144756421445e+00,-7.094051871188615621e+01
2.280804597772549513e+00,1.195417336013324672e+00,-2.251043175352690540e+01
6.982143134198761203e+00,5.549640589976398530e+00,6.095774076264348196e+01
7.769252594329518757e-01,2.308487659821949478e+00,7.986581962918977595e+00
3.139229309201558848e+00,1.692270653949934811e+00,-4.003967196723022681e+01
3.369287543330990786e+00,3.165934016190302458e+00,-1.102104395183863872e+01
6.089109697342703242e+00,4.808898074947913770e+00,7.872279604536339903e+00
8.499639158463878630e+00,5.959978730063031804e+00,3.278343330566613645e+01
2.226523527486438780e+00,7.715797545563773951e-01,-2.137002760135327861e+01
4.257384659574983132e+00,3.501361955621653976e+00,-2.293898260265165590e+01
3.121230833800314741e-01,1.315838621004148834e+00,-5.091560040154614608e-01
8.397884032772608975e-01,3.802315843612831259e-01,-2.836541458815123651e+00
4.707019759877066889e+00,2.366017910534880642e+00,-8.281004112884497204e+01
4.190707828073136909e-02,1.650967391120151007e+00,1.804009020493568372e+00
2.444733048298260769e+00,2.019058647667987927e+00,-2.004551212770052970e+01
3.245262875415523496e+00,3.800449739268765725e+00,2.822905897003521503e+01
2.501804732816978571e+00,1.798855496506160279e+00,-2.382581442880995581e+01
3.199337693541224326e-01,7.177701685527697606e-01,-1.013229280581262159e+00
4.452710978120705931e+00,5.682053830721258691e-01,-8.329128551263630698e+01
3.154311962130016411e+00,3.309449655499109966e+00,1.740613957660502864e+00
9.354567745161038061e+00,5.617140015452497082e+00,-9.258191569226939066e+01
3.566687693604217557e+00,1.225880125440781399e-01,-5.095151272512850227e+01
1.027200786781438779e+00,3.358085043521214175e+00,4.257143935080969754e+01
3.156350659723631935e+00,3.259888731767370373e+00,-7.343638518743014210e-01
1.718904924381570609e+00,1.112065847041961320e+00,-1.310120904980462697e+01
7.217923437234201600e-01,2.863338895678142038e+00,2.359007660810167550e+01
5.674808946254660924e+00,4.564118905832707185e+00,1.485894224777855932e+00
7.915050894087990230e+00,5.775786422424392441e+00,3.999925589896969313e+01
1.252336951337984061e+00,6.627869480291277426e-01,-6.981674763140257589e+00
1.186632243962632671e+00,2.085227717502164069e+00,4.982126695877848177e-01
4.720346452929447878e+00,2.253081574470579440e+00,-8.558301264639730732e+01
5.179723427658057489e+00,2.504749436505340654e+00,-9.947173100164000914e+01
2.016497236478295818e+00,1.197077077130215272e+00,-1.769962299850304888e+01
2.694492643465338233e-01,2.117587894239981949e+00,6.925394423514322995e+00
1.530255344253603766e+00,1.026528213067418704e+00,-1.055835301523849878e+01
2.629962913759200660e-01,1.952632898534128358e+00,4.545178023848153614e+00
8.986443890085968889e+00,5.957486798188407207e+00,-3.818198182569638277e+00
2.593938005779536482e+00,4.428812250672196527e+00,9.662098746827696516e+01
1.563242196464775802e+00,2.694050670641104261e+00,9.632047676407074377e+00
8.425972788948847381e+00,6.149348534751489126e+00,7.498930167333692509e+01
1.589483235563793784e+00,3.654712144130897400e+00,5.309053043657829107e+01
5.224886727866140390e+00,3.189917455476990682e+00,-7.783497462945902612e+01
6.018924594957450580e+00,5.230850223016116018e+00,6.601572360389589278e+01
4.981724804097940051e+00,3.570156302859366804e+00,-4.743746880695967860e+01
4.050816538223781293e+00,1.864908163667486463e+00,-6.626266967477063474e+01
9.112005628569534110e+00,5.923726062129688330e+00,-1.977389263696708710e+01
4.369831620347717660e+00,1.111851323493029398e+00,-8.129960744520263916e+01
4.309243312615445021e+00,9.854874040100902732e-01,-7.903099032940970403e+01
1.179002637728522984e+00,1.286754773018630615e+00,-6.147009302788186247e+00
5.768600284552949375e-01,1.330986383446784771e+00,-1.484232692735085735e+00
4.531000410627026298e+00,1.991923137220581452e-01,-8.416409577596856195e+01
3.287996182986645977e+00,6.109531428302439338e-01,-4.556746730912620791e+01
2.470827980859237272e+00,1.026327754886526833e+00,-2.644748145225674918e+01
2.217193086065293528e+00,2.142835835010313161e+00,-1.364961753550857715e+01
2.396059843461175731e+00,1.185911812433847246e+00,-2.480545136189691391e+01
4.556415081259768129e+00,4.615851522926195827e+00,5.570070362748640491e+01
3.134526302166429801e+00,3.288660177028896570e+00,1.246878370412601411e+00
2.604426060122724707e+00,1.218959012308557632e+00,-2.916298483837269373e+01
9.930226743840059100e+00,6.110261478560261139e+00,-5.001494232337990553e+01
4.342857686857355404e+00,2.781445049968866101e+00,-5.775862232582946376e+01
2.197385157656130517e+00,2.385507687143988420e-01,-1.920343914152839915e+01
3.535153385762324518e+00,2.718435128334714790e+00,-3.266041689646552726e+01
4.156335629156231448e+00,6.205604803328483854e-01,-7.275760007532632301e+01
6.445575397363917602e+00,4.634910667368373538e+00,-3.072503774127666532e+01
2.602567919847661670e+00,2.103540448348734770e+00,-2.220492069751804110e+01
3.043067300403333064e+00,3.733464715717055071e+00,2.915642202908155411e+01
2.741935501501870931e-01,1.733815646613388495e+00,2.120826677172066965e+00
6.413833299753544992e+00,3.987192323769928493e+00,-8.852001138287904780e+01
2.476625533862366169e+00,1.516288701459906463e+00,-2.539295052855010226e+01
2.166148033199817746e+00,3.761072577465675693e+00,5.062885646260495776e+01
1.364446000110710600e-01,2.438672861626988819e+00,1.356955059863500246e+01
2.215323013020181975e+00,1.474257220608363284e+00,-2.039898895256761691e+01
3.295823715858404057e+00,2.624355130389909974e+00,-2.845084702545005229e+01
1.840023148083776761e+00,1.712113300206896227e+00,-1.236543488550373127e+01
2.237263794610145240e+00,3.726732095980532122e+00,4.699205801936508209e+01
2.092368542095154993e+00,2.894637991220916362e+00,7.917423857736600290e+00
4.895774892913156151e+00,2.683146711775117765e+00,-8.250603705785194109e+01
4.281718437132393973e+00,3.813713705359429440e+00,-4.170804091464749064e+00
3.342101080784621203e+00,2.906629594198477662e+00,-2.071469279689536691e+01
8.179881231469472880e+00,5.294196638171044356e+00,-5.529136574077377730e+01
4.445229742584812627e+00,3.385642777842242879e+00,-3.621349685190018874e+01
4.611296719839344860e+00,2.923003902203458182e-01,-8.793551523065548281e+01
2.247312964769374588e+00,4.051717464545880887e-01,-2.079269862198797725e+01
3.330064725983806539e+00,3.045459313899776532e-01,-4.550658239855779641e+01
5.372317665742777137e+00,4.343456594007832905e+00,-6.094824507273541414e+00
4.780605730929030628e+00,1.741357139284804845e-01,-9.361923925024402138e+01
4.189359980360238822e+00,4.566539582683828868e+00,6.418220299159358433e+01
5.935196525470320950e+00,4.664290151715380972e+00,-6.602384398054135239e-01
1.642125289838222812e+00,3.413745283426150579e+00,3.831137127502480411e+01
3.748183164495861419e+00,3.783101870596629723e+00,1.200603183796112283e+01
1.028732821582060808e+00,3.622870061806258590e+00,5.755679950279558454e+01
4.865520811449613348e+00,2.474763343197814436e-01,-9.769130543905802710e+01
9.037466368661394966e+00,5.808780084693250245e+00,-3.494101054337784262e+01
3.466752158530830741e+00,4.070909464405152889e+00,4.205655669843309852e+01
5.553574816762782973e+00,3.081234269126433389e+00,-9.760918122310637557e+01
4.040095910348640018e-01,7.829122553680463170e-01,-1.319843432174305775e+00
4.388602979233427348e+00,4.576535126832165901e+00,5.793385308085627372e+01
3.880536907781554135e+00,9.519014917138495235e-01,-6.418450583063692250e+01
1.626837587600673984e+00,4.094319943734884504e+00,8.430714744551694650e+01
4.170781959389639582e+00,5.370147529156650279e-01,-7.295583654283586839e+01
9.528978730146562270e-01,3.316402707111233639e+00,4.110322658352490777e+01
4.076315891046203177e+00,1.822456335784256254e+00,-6.757638328031548269e+01
1.946536381547383954e+00,4.321094777385264152e+00,9.908497115120151477e+01
8.941352413351758344e+00,5.861392910772650566e+00,-1.814888196231672168e+01
4.486968115437473870e+00,4.821651693517427617e+00,8.154989956865112788e+01
8.196201831482056832e+00,5.718005584317726431e+00,1.071308516757168761e+01
6.109449940738077345e+00,5.252484932257786454e+00,6.441851597335630686e+01
2.756998622672242050e-01,1.129752575648160118e+00,-8.678222449633828939e-01
2.336563792513867810e+00,3.580719039085632716e+00,3.585247235695747037e+01
2.141196503646614957e+00,3.804461638495208575e+00,5.405095959077713275e+01
2.508498340148895167e+00,4.046345076522630535e+00,6.465166471195364295e+01
4.415507390391937292e+00,1.833630723142018581e+00,-7.967726395428195474e+01
6.718502727874913205e-01,3.449097397211172478e+00,5.014662086186321233e+01
4.657077002601148763e+00,7.401690031200054420e-01,-9.170476585280285065e+01
2.547435926130820150e+00,4.379959180140716057e+00,9.293656602605530281e+01
4.101284684063106312e+00,4.700656754295660988e+00,8.179749983150915682e+01
5.625959200308695785e+00,5.111300235931997449e+00,6.900382403876643878e+01
5.309460399503663552e+00,3.002140381696099425e+00,-8.953741359816056899e+01
5.674717559234974118e+00,5.141339924765841118e+00,7.072251230582168091e+01
3.561095769369742925e+00,4.512957206031453339e+00,7.946791625967523487e+01
1.711533796903532689e+00,2.410437778679009213e+00,7.244251015682368067e-02
1.936257702950003434e+00,3.718281384988951999e+00,5.186506758808730666e+01
2.807256172128941074e+00,2.168963642448042961e+00,-2.586592922398355654e+01
3.593692233673079883e+00,2.264784141989101940e+00,-4.557895387217260463e+01
3.165651368211941374e+00,4.223729636048110692e+00,6.346828445543382458e+01
5.007768997350643403e+00,4.252935978121454852e+00,1.765089995112242072e+00
3.204950640114525129e+00,2.054967493833308012e+00,-3.782662173459213761e+01
8.174954908876316040e+00,5.858427602323462935e+00,3.700032944278203217e+01
4.884876414284278212e+00,2.140988743209851108e+00,-9.421982829140289084e+01
4.461595632548331025e+00,2.144931038535752066e+00,-7.737347914631632761e+01
3.457738389003301549e+00,7.405034302000519375e-01,-5.073594827270489560e+01
1.528784289977416222e-01,1.750584715727949714e-01,4.888982760685844919e-02
1.642782680444273780e+00,1.250831960696743295e+00,-1.179908391676547730e+01
2.010718301578171108e+00,1.954860021332686770e+00,-1.263895705041452544e+01
1.049859098051699746e+00,4.085040980188455961e+00,9.035347782541218464e+01
1.725509962934935970e+00,2.404826300233576575e+00,-2.610103875756785152e-01
2.330771840755495816e+00,3.434249855098229887e+00,2.759871192190755806e+01
1.146570409222304576e+00,1.451880927023479373e+00,-5.206437472926853438e+00
5.444681271936605782e+00,3.073333768298988744e+00,-9.285070328389650740e+01
4.586107413898620422e+00,4.299931681223100099e+00,2.323808229676806292e+01
7.367202713665484737e+00,5.600832474187619425e+00,4.580726211472225629e+01
5.451067284936709001e+00,3.180614321297802860e+00,-8.851472851334111169e+01
4.996355085396405826e+00,3.783963032895128364e+00,-3.445419616566383780e+01
4.291847270020099359e-01,3.790716108525096217e-01,-8.015199316742491753e-01
4.402482975637632023e+00,2.994243997028366522e+00,-5.240382976591500608e+01
8.540546558262246180e+00,5.213746143448938497e+00,-9.237146972023110436e+01
7.923337668277330437e-01,2.688552800714411717e+00,1.740715604483714785e+01
1.811981532387250127e+00,3.354181551908041570e+00,3.263615888078424376e+01
5.582073302659576797e+00,5.148350333886810404e+00,7.611960961286878558e+01
2.428124359517951802e+00,1.281803134777613096e+00,-2.527786484566231096e+01
9.090096735204266309e+00,6.264110065992056775e+00,4.921149443473364471e+01
5.499930234426173570e-01,1.812256007832415250e+00,1.848358445026601293e+00
3.506700155973163646e-02,2.229301910994552216e+00,9.286425981759483861e+00
2.908720148705326025e+00,4.177035396687710289e+00,6.611859903659353677e+01
3.267383246688321918e+00,2.833675707026051427e+00,-2.117054967003026178e+01
2.568687925753110335e-02,2.975945653342453312e+00,3.033378677610833307e+01
9.689100223465406003e+00,6.679191217822918247e+00,9.498122305849470592e+01
3.857050782511112885e+00,1.318942917675503423e+00,-6.319737241166586017e+01
1.396918056882174852e-01,3.714730389003886302e+00,6.829735558353652891e+01
5.303618409970322745e+00,4.289038094390203781e+00,-7.980012865618340001e+00
4.608042370806920474e+00,3.336538179051700581e+00,-4.501516091133620279e+01
2.778912563190708340e+00,1.100418211058453721e+00,-3.326294135157601062e+01
5.805928977658167511e+00,5.050386164404150335e+00,5.216369783561786022e+01
1.670104804340382998e+00,3.379627070490137442e+00,3.609952161120702385e+01
9.451963126592595188e-01,4.009108177214184110e+00,8.523439438137690161e+01
5.136760554770487985e+00,4.932960628315456120e+00,6.836980149880878344e+01
5.225533895173612109e+00,2.734316402614393127e+00,-9.513387467067509817e+01
2.129970185140594552e+00,5.580458823063629836e-01,-1.912592521080974350e+01
1.326567209289935434e+00,1.617471912652771238e+00,-6.142627190287197614e+00
2.082337241875309886e+00,2.594717133659381503e+00,-1.375676379193489396e+00
6.990548052077130592e+00,5.200193686145102134e+00,7.954151817371373667e+00
4.646477115370906574e+00,3.676643171713747549e+00,-2.715335512211878566e+01
3.125950346759331921e+00,1.438980849215775848e+00,-4.118697755006704853e+01
4.290167257817316226e+00,3.473706118325539549e+00,-2.568736355665049587e+01
6.071419791798891907e+00,4.306187601606838555e+00,-4.356837543827535342e+01
6.900768117093647902e+00,4.608875388744666068e+00,-5.933382412416636953e+01
