4.788948641853373323e-01,4.306358400134467912e-01,6.522214594686698286e-01,8.224412158614693436e-01,4.587196741855521509e-01,8.785436880017496453e-01,9.769376131903706462e-02,4.573591512196877318e-01,1.057340778383669688e-01,7.831595388293799420e-02,1.195470586479166819e+00
4.220647213473158743e-01,6.810307745526344991e-01,9.291570270188254099e-01,7.272117459779482429e-01,5.026454923802269326e-01,6.479871931093211801e-01,4.916298566814814031e-01,5.582211831711009209e-01,5.103659924163173045e-03,9.218468806464726883e-01,1.844927096127729982e+00
8.713922277024613861e-01,5.315505683725654240e-01,9.830866984655958207e-01,2.172409477212077222e-01,1.154920256162417225e-02,9.992190441965790315e-01,3.029572776816313873e-02,2.676155703289749832e-01,2.231848705257060139e-01,8.463776266876021914e-01,1.525600646135547800e+00
2.242371441928403542e-03,8.320273352787784793e-01,5.802497982210902405e-01,2.114756784940341472e-01,7.554135232647738452e-01,6.579561775472125840e-01,7.445091849747810242e-01,6.899092447417061180e-01,4.062900713134143249e-01,1.374756536829158104e-02,6.275302467837409193e-01
5.724994911088909788e-03,9.309741401253276427e-01,1.017143130940880713e-01,1.140905887766641147e-02,2.519952780737984011e-01,9.384369263040649445e-01,9.614891644355783029e-01,4.479739885215272555e-02,8.180828866438776270e-01,3.563271577213460439e-01,2.814874214655656015e-01
9.558214677827538974e-01,5.513597156120290110e-01,2.082220637032892174e-01,9.151955371141318185e-02,7.639276258802929487e-01,3.547015523609412524e-01,1.310595771526923414e-03,6.556625249819048040e-02,4.952242614241051388e-01,6.554897371511034798e-01,8.660568248382547463e-01
1.388895172737193429e-01,5.721150811791628765e-01,7.779362739160049500e-01,1.936927834869983656e-03,5.517102658262085235e-02,3.365575815106709445e-01,2.835740119295637740e-02,1.071832534572516593e-01,3.099263350740146805e-01,5.082648123398889606e-01,2.338305517289964719e-01
4.622574585936861657e-01,1.222983984503221988e-01,6.943814496228366551e-01,3.821094603836401316e-01,2.982575557811443234e-01,3.457264078130790619e-01,3.723982096206301939e-01,8.600675307873010267e-01,4.966475458605817961e-01,9.130386367099343481e-01,7.296629390791782299e-01
2.468731557369050478e-01,1.027107753197207263e-01,6.604359212985080330e-01,1.278278619936271676e-01,9.960980301524100522e-01,6.218542389056235242e-01,3.769438340732940151e-01,3.073187618426638235e-01,7.833257524061795207e-01,3.490761739975410949e-01,9.454644142496864134e-01
5.576572714118857022e-01,8.407352533600686018e-01,7.663493941884580440e-01,1.173540736903794235e-01,3.208311592548366287e-01,9.965207266355764482e-01,5.344416400307140380e-01,1.642670189697649219e-01,9.906505957127118567e-01,2.999917117569855796e-01,1.402838652058062685e+00
9.541101175565152026e-01,6.917587032018869264e-01,8.262178830846459432e-01,2.060413428744406472e-01,9.499499952640328981e-01,3.222823508147476534e-02,4.016533726227000667e-02,8.411675657320846211e-01,6.098220286457737283e-01,4.615308707415161082e-01,8.965233592723401701e-01
2.735452989925252210e-01,3.337063610637582833e-01,3.960104642658124341e-01,6.305398511219928448e-02,4.936676964932745770e-01,1.838438689215333710e-01,4.648133786135739687e-01,2.233158819390570482e-01,7.438910784331483894e-01,1.364884781164843464e-01,3.115324455408948756e-01
1.000450549851622517e-01,9.321945039423515933e-01,1.021833060279666583e-01,3.351566858762955459e-02,2.686152849704492862e-02,6.061542236593521205e-01,8.505435348545551388e-01,3.746532521912802061e-01,6.752966284829492460e-01,8.056563130012327489e-01,2.203326370270858037e-01
4.635250103292491985e-01,4.694315997760564185e-01,3.398332534709357367e-01,9.989491343535064072e-01,7.590728671994247945e-01,2.951263649984794402e-01,3.580940113316878337e-01,9.039436196587223860e-01,4.190040326980790653e-01,8.075380978632795692e-02,8.587395467823082384e-01
9.911447837753281087e-01,8.170222790427801307e-01,3.730489310853352114e-01,5.817943157435400137e-01,4.490193522284491312e-02,8.029292196585988695e-01,4.732963506790813790e-01,9.100762605805344796e-01,8.421754091636696193e-01,9.458132864758477254e-01,1.741248303543606379e+00
8.178318805405352387e-01,6.611584895376744209e-01,7.681366841225597542e-01,7.896925645132113480e-02,1.948878648319497531e-01,7.608572526526714563e-01,2.186656801353417112e-01,5.872911536500016183e-01,3.847364912011992377e-01,8.714989031239596118e-01,1.327801506496510520e+00
8.196155531366924318e-01,7.421167108969901616e-01,8.952693434991390031e-01,9.382094342983753332e-01,1.092255522312671756e-01,6.038173216514050035e-01,9.003035876821330330e-01,5.267075145579830364e-01,3.757845115102298461e-02,1.602382412884578722e-01,1.628503518609520695e+00
8.703202578671674905e-01,5.389141807563387898e-01,6.870888304685327519e-01,2.749323675715492632e-01,9.419366720948807448e-02,5.303367081608610922e-01,1.221881127516982746e-01,6.079104780272095443e-01,4.059933357177274438e-01,7.614041941331417540e-02,7.788043987943362723e-01
2.633764370505154995e-01,7.669229619605510972e-02,4.660185021119317428e-01,1.722181494348559161e-01,6.468662624981121878e-01,6.491222637933020678e-01,2.720820330415577581e-01,4.182483755070076636e-01,9.293579099157101009e-02,3.404424629559720250e-01,6.299957201796069217e-01
4.818090393938320171e-01,3.046481433628833724e-02,9.611430819753071786e-01,1.841218442284209278e-02,1.301902961061620623e-01,5.730918769455716211e-01,2.297954370858001916e-01,1.703944966790017501e-01,6.460153022355550334e-01,2.330902159616015101e-01,3.069026994282848531e-01
7.507407625497987125e-01,9.346126389993326677e-01,9.224985718821278047e-01,8.420846178929496384e-01,4.915466564227459756e-01,9.322872903026003799e-01,1.266441499912692725e-01,7.794753057430657828e-01,7.250459156787519843e-01,8.081374866780768329e-01,2.700696967592817188e+00
8.129660982412079129e-02,9.625247851354324924e-01,6.983677722638959029e-02,5.828447209942839713e-01,8.536492247257710941e-01,9.699120613979506089e-02,8.370106555135641280e-01,2.148867335869535378e-01,6.178532449890473677e-01,8.367310298715463501e-01,2.494606303730083907e-01
2.226984226736805628e-02,4.696848599623995035e-01,3.363951427291319574e-01,9.601926588499923865e-01,6.281170880831407066e-01,3.548818616501443479e-01,6.932559286319508463e-01,9.159630052853254822e-01,9.057709788766248327e-01,4.817058490116923331e-01,6.278615441249301155e-01
3.262926441845975800e-01,6.982922245789280336e-02,7.852754039409223230e-01,9.612286865537784664e-01,6.693789329397376031e-01,9.130919589493946553e-01,7.530562771957196588e-01,3.449399246394142526e-01,2.688011957940936725e-01,4.044524960101369970e-01,1.744871507113876508e+00
4.817852270494581424e-01,7.837854807488281450e-01,7.924436700952783852e-01,2.133913020951001549e-01,8.250379824957095876e-01,3.713296400735556224e-01,6.159769658762170863e-02,9.175892435000432279e-02,6.178975075281535334e-01,6.955951826138996319e-01,1.076099491440331901e+00
8.516972831813034439e-01,7.523827170458113889e-01,4.193587941651854001e-01,3.998220700046688503e-01,2.356539989187248496e-01,3.967974409987161666e-01,5.428120648857462927e-01,7.805943740636062111e-01,8.594263103207688825e-02,5.180857074086531178e-02,9.503313647024506094e-01
9.444793219690672537e-01,2.494657341133690309e-01,9.341129562901784311e-01,2.985659210358716509e-01,9.926153659645583494e-01,4.152734908853424889e-01,8.851439142603489962e-01,7.853517901945540336e-01,9.544488832783589727e-01,9.396544692485436778e-01,2.089139327145717928e+00
1.837179451393254892e-01,8.866461307487187860e-01,2.835899062897717648e-02,7.402681773943866617e-01,2.692989509028642647e-02,5.056624658951827112e-01,7.348820786967017460e-01,1.988474391573080702e-01,4.424955273403423650e-01,4.533486540607468696e-01,2.637463302260459330e-01
5.103916997477845330e-01,5.535042607060534081e-01,1.188958092516634313e-02,1.509795967608427159e-01,8.825439949375706306e-01,3.122139236199393819e-01,2.234081602758958285e-01,5.167599403536323743e-01,8.545483460241257712e-01,6.760406242170180491e-01,6.597915617406320266e-01
7.037333366051374828e-01,1.815574582970344020e-01,2.750670061986046910e-01,3.452474221093358997e-01,9.597768839256238804e-01,2.480792449468735006e-01,3.899645063418696322e-01,7.787461848714604118e-01,2.522633853917992663e-01,9.428783882218185752e-01,5.944043613081206878e-01
3.086331895317040441e-03,9.138376969146410067e-01,5.982894069848792018e-01,4.092082199824920163e-01,6.469127764731129604e-01,5.222597608984695938e-01,1.600892427690039366e-01,7.042260702004485839e-01,6.184364067124794584e-01,9.409882753468132854e-01,8.798309566496494982e-01
5.086274650137897479e-01,5.753427009037810347e-01,6.669850176337246417e-01,7.652396127599933040e-01,7.313141459338137196e-01,4.572181715314844741e-01,9.112695279844286178e-01,3.665030351800969699e-01,6.040931783488558970e-01,5.803713566674874036e-01,1.594392470161334563e+00
2.968606403629681090e-01,5.614224430543951483e-01,2.120562453299457140e-02,4.352872239612424199e-01,3.700055539785351844e-02,3.828769955568833705e-02,5.740634632417722649e-01,2.422343992449061956e-01,4.343963812380274847e-01,4.102266338739579687e-01,2.516729603007552551e-01
8.632068584593514116e-01,8.401936566631692527e-01,1.724358490343101957e-01,1.079792563309265319e-01,6.192457054039897102e-01,1.738796605524518535e-01,3.237573591480191748e-01,1.134976520951617163e-01,1.958353432327331056e-02,4.801053056779549522e-01,8.714226957364105131e-01
1.098968563807323218e-02,9.326545403089392394e-02,9.923183729427508259e-01,2.484998404772263969e-01,1.979839262132531141e-01,1.084650083475748872e-01,7.766725802137159906e-01,3.327287298338981181e-01,2.263897604435202160e-01,9.709011664563917954e-01,3.755224281133848763e-01
5.332442467000293451e-01,5.765518433170778723e-01,7.236205032376572532e-01,6.851808049343558471e-01,5.563139240790296869e-01,2.648684460734148649e-01,4.760982624183187628e-01,2.169775015656846273e-01,8.368542089662444061e-01,7.074357326197729945e-01,1.298651718536438349e+00
1.493709892216239510e-01,3.724744460302089610e-01,8.172830658184341290e-01,8.775387776752758828e-01,8.226832657135672022e-01,9.894839509277834066e-01,9.888838006221889465e-02,1.728136923598513341e-01,7.995832214228565382e-01,9.093047678125273370e-01,2.334021322843573110e+00
6.146264096979863201e-01,7.617186245257600019e-01,4.631405596767266264e-01,1.682274804056220763e-01,5.450811657761598372e-01,5.811000328399273940e-01,6.642368282434572002e-01,9.952429647944481816e-01,2.627837558718026933e-02,7.712897803471120417e-01,1.081138365578460769e+00
1.982593403011831956e-01,6.323652983665021265e-01,7.566309070077963383e-01,9.694160496486563527e-01,6.167459613566684817e-01,2.444614189968639106e-01,6.399753221429349548e-02,4.760585208246885802e-01,5.095307721325043060e-01,6.735737458263242328e-01,1.140687005351342709e+00
5.398597073848809824e-02,5.702253812141034883e-01,2.665995049605716094e-01,9.423380424849824299e-01,9.351760465631905328e-01,6.475905600493270242e-02,8.973099663873989051e-01,4.980587028089948909e-01,1.057367936237008088e-01,1.655775656622560099e-03,3.477228484476040382e-01
4.430320624929831030e-01,2.931741999321192393e-01,2.587500830370147442e-01,2.970257479202165207e-01,7.301384811745101899e-01,9.946167311893157059e-01,5.000609675014980882e-01,4.994464908728273311e-01,1.507890157390250341e-01,9.551335804901402993e-01,1.212165681483702517e+00
4.685738547356216310e-01,3.778145026458599176e-01,8.802181979577846649e-01,9.070568583776320581e-01,3.108341997930262890e-01,6.783306193157846442e-01,8.435701243849216269e-01,9.631215135201719457e-01,9.014903581306782376e-01,7.898741887161018216e-01,2.014244077514784959e+00
4.069993410720561533e-01,4.266095554314307536e-01,5.230272667304119993e-01,8.045626689379165031e-01,6.703581635469983979e-01,2.383608647672474934e-01,1.353562199021074441e-02,2.396529285351998162e-01,2.131040203626699547e-02,9.094267637034434415e-01,8.677201077683048824e-01
6.503605605635327525e-01,9.913466753873866333e-01,9.528568120178254608e-01,6.290043578423385462e-01,8.410618501465308983e-01,4.906818834598590806e-01,9.695484092140195242e-01,4.666273648791718909e-01,6.868910283924003490e-01,7.753160581611467927e-01,2.452399664563873039e+00
5.815761774575477494e-01,6.403191417741573854e-01,4.555452612181012384e-01,8.195511241606974195e-01,6.213464807412671931e-02,3.447647384706766793e-01,9.871415713183597784e-01,8.608340995252791172e-01,2.579525639603056364e-01,9.982948155553661440e-02,9.309276954569056794e-01
7.089527055873930950e-01,2.497976936434678219e-01,4.772301713291210445e-01,5.974389006324704043e-01,1.041919218619999921e-01,6.144459167648885778e-01,1.328464722880891014e-01,5.914242637940159142e-01,8.505260270244290322e-01,7.151695170833165527e-01,8.160457297816812172e-01
2.290165393732707111e-01,7.603237598066823200e-01,4.853797337228956676e-01,4.013044066578359548e-01,9.287337466655776197e-02,4.353694696714519585e-01,8.318231704272739391e-01,7.838797407774216186e-01,9.066824227594916241e-02,6.592650475954195954e-01,5.659339605448667765e-01
3.177757236920375483e-01,6.280806240690942621e-01,8.693366265369669721e-01,7.020727216575850527e-01,7.658978283837536427e-01,7.370405080388705565e-01,2.012630885027996142e-01,1.046372170586459260e-01,5.040580707668227411e-01,3.756873392820936353e-01,1.647378351781683126e+00
2.005191221312628835e-01,4.973272109371832395e-01,2.874450614457150222e-01,8.982142410326019455e-01,3.997563800397689882e-01,3.509702421950958717e-01,1.842969880617438827e-01,5.274462887758561980e-01,9.126871065781925196e-01,6.500350834564014857e-01,5.975204433468914722e-01
3.696528594569004067e-01,8.204719141404631655e-01,4.787929879621422025e-02,2.289863362039497030e-01,2.254480546687118725e-01,8.034998523886650590e-01,4.349959557508558117e-01,9.419257166006913540e-01,8.351655324108355760e-01,3.210568784929661579e-01,6.420448840278965008e-01
5.958574863005697830e-01,4.763850967565796957e-02,8.127406338740527092e-01,7.346408352750367632e-01,6.205981166184175724e-01,4.972475969944509799e-01,4.536455218690330637e-01,3.163117248028952666e-01,5.997844290459318772e-01,6.830619749299291499e-01,1.372223829168311759e+00
7.950949443324903942e-01,7.678777736932765885e-01,3.522470727096627119e-01,2.373029631798353467e-01,8.207079053205902364e-01,4.072111553257490302e-01,3.173454516843131623e-01,5.269043947129790073e-01,9.620062631309913570e-01,4.421142473706750620e-01,1.334476015545637884e+00
3.268497603224121972e-01,5.822156032139675919e-01,3.546834797812602469e-01,9.724555657193245661e-02,1.718817809512679373e-01,8.311468595863202857e-01,9.859939575405831658e-01,9.955241987567248207e-01,5.739159795446802104e-01,2.022074854656287224e-01,6.122139775833131958e-01
2.086954174775553783e-01,1.448343930483000364e-01,9.973138442109414914e-01,3.180151098615510152e-01,4.597920900345436879e-01,5.434452467072117265e-01,2.439783965072946925e-01,3.770829714921075659e-02,3.403070734005300135e-01,8.963779122781506681e-01,1.100410248285967230e+00
3.647322591824925242e-01,5.332783000330717504e-01,2.235608990774300420e-01,9.587927912058152868e-01,7.261797144656347847e-01,6.040117674779025281e-01,5.949652875189664902e-01,9.208211220897506433e-01,4.175159406853212740e-02,7.762187201739648712e-01,9.613491566136491695e-01
8.868959132730976913e-01,8.088085965665613442e-01,9.555915455489847332e-01,5.788131436550479902e-01,4.661259237915189590e-01,8.789748557622851788e-01,3.680991548391198132e-01,7.180683753815159109e-01,5.596831839386340324e-01,3.304781098851665710e-01,2.140450373307829501e+00
9.069298029284549312e-01,7.452171756418749515e-01,6.688403310134667379e-01,9.604355484278852551e-01,6.435620846673041351e-01,9.623619286842809428e-01,3.430227380036613427e-01,8.030736332859600424e-02,3.552674565267481821e-01,1.434304641567886174e-01,2.140421559340109248e+00
8.479218070041693034e-01,2.444403201445904950e-01,7.630786924476840039e-01,5.234304797943319931e-01,1.675553494282344680e-02,3.265108667109744012e-01,5.551019135928046966e-01,1.840654285314751171e-01,9.462627051031767822e-01,1.780574003752779522e-01,1.101909195705985223e+00
3.607550456633840108e-01,6.072821844937649205e-01,9.909515463761764398e-01,7.270013693884548323e-01,4.302892052716356108e-02,1.665606928337628467e-01,4.455515129843837796e-01,9.552884496012471471e-01,6.049139790173755360e-01,9.497628583881646547e-01,1.200662748527565382e+00
3.412197944473382982e-01,9.165928872692642448e-01,8.755366774264328189e-01,1.148884113596252421e-01,7.672582411343270570e-01,7.105380701252715925e-01,1.609454877370063430e-01,6.615241005178480460e-01,6.956006432793165883e-01,6.317730385080994049e-01,1.389743051870516055e+00
8.441625639414165327e-01,8.510143240942854570e-01,9.836063486056128014e-01,5.315907260632045661e-01,3.551722063523147233e-01,7.833448029106795385e-01,2.742937762945604208e-01,3.695818998204658534e-02,8.000198101868047917e-01,8.702839769897867672e-01,2.375292512396763644e+00
1.521031933431353789e-01,7.997869126469011603e-01,9.552104000431127506e-02,9.517855886467851967e-01,3.066647212109826492e-01,2.115470893968118826e-01,4.655492149122207879e-01,5.371994756040229246e-01,5.708361846171143839e-01,7.200780231247937424e-01,3.324122602561692674e-01
8.837692755583008708e-01,6.822296188192886746e-01,4.981859579716247932e-01,7.172469711403343107e-01,2.052227792210544743e-01,7.514001308411022428e-01,2.183491883712261883e-01,4.418273316720603416e-01,8.584456767533636956e-01,3.884473296511470330e-01,1.425525097509083405e+00
3.407366845119922383e-01,8.322664742500562873e-01,2.110228700770717669e-01,3.868536484230746808e-01,2.256279177713003126e-01,3.921380271131593709e-01,7.159872746125737208e-01,6.420195417956177097e-01,2.038415475680868116e-01,4.856634210283797826e-01,5.436144875287406419e-01
9.784284702010581647e-02,5.411094410760296514e-01,5.885536503810926412e-01,2.820572405600529908e-01,5.405329419332787211e-01,3.242383334988175880e-01,6.796150335206190274e-01,9.536184142150381238e-01,9.160249578604318099e-01,2.708077743987759023e-01,5.068012127026336744e-01
5.081651374780399300e-01,7.696319887051440434e-01,8.440681151645640368e-01,7.623920111242417086e-01,3.822781036167984814e-01,9.123215730722820105e-01,6.810953528955585590e-01,1.793716261776759913e-01,9.823338378762810352e-01,1.935671356050775449e-01,1.872424600086392443e+00
8.775637374960971737e-01,2.941149923667554233e-01,5.324804938109839458e-01,8.643728980708126342e-01,4.018247073193609298e-01,3.460470901671319766e-02,9.607600591828662218e-01,6.996164234577950669e-02,7.573618946650865213e-01,2.472328741778461181e-01,1.375380143976939751e+00
4.669403594336450913e-01,2.709096447212848702e-01,3.182613102790378123e-01,5.109517493762096851e-01,5.247540343365149074e-01,7.193029479194420484e-01,3.407851488760705871e-01,8.488846581353356457e-01,8.327157912774576509e-01,4.422618211999830296e-01,9.003243217849692392e-01
6.019277803989274700e-01,8.797158463038103893e-01,3.998670272819719873e-01,5.069685135535126896e-01,2.225294737984742088e-01,1.162172718364157253e-01,9.047644298786988726e-01,5.526534226584264298e-01,9.071297687699164669e-02,7.017496092670668650e-01,8.401210382207847660e-01
1.319125452146563404e-01,8.027120786824946119e-01,3.443204318007369036e-01,5.304741942332946714e-02,8.220023303587383756e-01,2.473715948711220358e-01,1.437164203028691301e-01,1.878340683651091858e-01,6.857256276756091840e-01,8.511904642019090250e-01,4.129933449123660560e-01
6.360684920033005119e-01,1.291338811002751275e-01,7.439374395659967831e-01,7.378267666093146770e-01,5.946546098957790072e-01,1.212164911516105947e-01,7.483682520620293932e-02,9.095089320253579857e-01,9.009315117902700898e-01,5.001903629804215212e-01,7.911083564717892314e-01
4.613761319124984883e-01,7.685830149775285669e-02,7.214451830825646672e-01,8.762523851619999915e-01,2.531079126830501069e-01,2.461604635343463965e-01,8.461807283371685084e-01,9.014255709570467845e-01,2.601362357929432045e-01,1.537978425600604604e-01,8.588061264627498970e-01
8.679345179298505464e-01,7.530996503774300965e-02,9.032953454357085521e-01,8.150307025845128228e-01,7.188135882444852687e-01,9.255259213052600131e-01,5.866243281823630973e-01,9.358498685317873100e-02,8.297813252755585900e-01,9.150366427695331151e-01,2.654334490243311695e+00
8.756075823526172641e-01,4.101422034646637904e-01,7.806456130278962569e-01,8.096924643817948741e-03,7.120422650598349223e-01,6.249151197888596077e-01,2.062030111085724204e-01,4.209599581189567008e-01,3.384546200506743929e-01,1.000003586100736142e-01,9.203032988324284513e-01
2.685415753440699715e-01,8.133144645068268730e-01,4.839173997407747452e-01,1.206220055744733344e-01,3.221097155548959812e-01,3.842077610620240335e-01,6.709635300173841799e-01,9.165451945419317292e-01,6.113311216468232390e-01,8.280871895067367650e-01,6.646494713707207236e-01
8.958397708366943046e-01,2.234972076330643542e-02,3.443627313632510178e-01,3.355719216664195814e-01,6.523973712390593871e-01,2.454589762649167506e-01,4.782352799113598341e-02,2.635014462875755470e-01,3.594623905778498996e-01,1.062580015418733703e-01,3.200988512990019519e-01
5.037337346873838051e-02,1.673383209171799280e-01,3.786694790683148293e-01,2.869064475244637036e-01,3.128490421275075262e-01,7.225165577894567814e-01,1.947656315714391129e-01,7.337334103387818107e-01,7.775938516299270020e-01,9.321045016574571740e-01,6.057588003627685236e-01
2.721114476422744621e-01,8.255688120436878163e-01,2.235626272061994602e-01,6.124306335326564765e-01,1.200033542189229419e-01,7.668011303066180062e-02,1.066490812268757749e-01,9.077300293797156971e-01,9.626065739416800326e-01,9.905754670405894080e-01,4.156817036813004185e-01
5.728124247208299380e-02,8.351465588761292080e-01,2.962925119972901200e-01,8.096559460743495418e-01,5.725779340389666183e-01,7.533126124905493715e-01,1.256800706819150015e-01,2.943758591223610832e-02,2.448019961429919178e-01,3.571959658486381084e-01,8.005522187968735492e-01
6.099048547372354356e-02,3.781241917018903775e-01,2.327506432735154673e-01,9.165648968560584642e-01,4.284236418012262737e-01,4.902259899871320714e-01,7.976423193154442703e-01,3.943444054978362256e-02,8.673552028155918636e-01,1.696402858604237895e-01,5.079690878700029444e-01
8.749045545779817745e-01,8.099986919573043398e-01,1.119404232839116275e-01,5.873094638541177526e-01,9.078387906198716051e-01,7.999671330419764192e-01,7.606872312621935084e-01,9.882341196308201958e-01,5.118065569039080831e-01,8.667953327041822975e-01,1.918898733829359049e+00
3.900957592803063756e-01,6.153143008811168269e-02,3.636107592285720003e-03,3.580136421707915684e-01,9.344375016456719640e-01,7.058683990334475578e-01,5.255801035999094761e-01,9.932083047842160672e-01,4.557451514590203923e-01,1.283701030994853776e-01,7.786641707829777825e-01
9.822485513212652064e-01,3.312692904438833130e-01,3.176018942680374213e-01,7.188930454588348118e-01,8.076620248816173131e-01,3.039143028760680210e-01,6.214916033134773032e-01,2.568327721372681838e-01,3.923728263294470331e-01,7.380407931696747470e-01,1.109936698289948565e+00
4.593558444176482070e-01,5.957227096436811253e-01,5.834388858653455356e-01,5.759287174702105716e-01,8.343721332807169100e-01,3.336812269533084852e-01,7.491956449242243021e-02,2.275140410144137482e-01,8.750537251415335671e-02,2.002648293363007426e-02,8.949925172139202578e-01
4.542920641889234279e-01,1.980259652733477038e-01,9.814078210717702699e-02,2.304356382060446240e-02,9.445705851292942601e-01,1.055653702293204432e-01,3.842288185511439913e-01,7.568356708502212982e-01,8.713337062501703700e-01,9.574336338068577534e-01,3.539494813944069618e-01
7.874572115318636545e-01,1.671642304448341942e-01,3.910126817037395952e-03,2.970853259295722637e-01,9.736561765714800698e-01,6.267883316064616350e-01,6.257831850587892708e-01,3.375659042902035001e-02,4.437911508918468417e-01,5.990893383843101105e-01,9.632311976336692672e-01
7.437303291471537570e-01,3.875578096006255802e-01,3.886695025352339128e-01,5.787785501278618350e-01,8.259849535670933385e-01,8.641403680674416554e-01,2.444586405263665663e-01,2.182335131851131926e-02,8.728304566526815522e-01,5.476416162419199818e-01,1.569583110034143303e+00
3.350589283256345530e-01,3.506989707342603735e-01,9.654901835161826540e-01,4.184550411171917839e-01,5.777828945184962928e-01,8.358996081282406010e-01,4.106555487768071000e-01,9.678298987370862472e-01,4.903178073351138755e-01,5.528705360816500436e-01,1.518147995835411157e+00
5.104566976880668960e-01,6.147790943836806132e-01,9.014306022518990824e-01,6.102847917522279397e-01,2.600351763716427511e-01,5.268594057870025216e-01,1.578350167488739020e-01,2.693759330110410133e-01,6.412493625904358563e-01,9.854511304578714714e-01,1.520631151004785853e+00
2.504958572816775586e-01,3.758559653347059992e-02,2.586979994195633958e-01,4.516141380285765283e-02,7.674727292836374115e-01,2.837328107922523213e-01,2.463859123403572271e-01,9.955989882675165825e-01,9.149178856000660387e-01,6.309569090790733137e-01,3.416358331961237282e-01
5.173452669645273172e-01,2.311519892526808784e-01,2.778399111125400278e-01,6.033493878051846560e-01,4.253680736904233983e-01,8.796663510771226546e-01,4.930563090878472554e-01,6.976853837192156238e-01,7.710929029570087190e-01,2.945800621779717243e-01,9.300898136621718049e-01
6.647588254194102264e-01,4.079670516138033109e-01,9.230552442835587845e-01,5.097306670505540316e-01,4.017153489744884620e-01,9.342649508460143526e-01,2.708885494413341144e-01,5.826192530126286240e-01,2.684332663857776913e-01,9.180755930364057349e-01,1.957084446232932651e+00
9.348685917097994125e-01,4.600759720745329906e-01,1.644767955205792553e-01,1.274420221725686142e-01,4.785683510784426442e-01,7.869997399279027306e-01,5.032459740154092698e-01,5.216377996399169659e-01,4.828142943834614620e-01,6.430204504891496864e-01,1.138088709366466889e+00
2.584178067430026315e-01,5.313376871581149130e-01,1.371322725642781792e-01,2.498253609428758848e-01,8.913153003826631560e-01,8.762321161286324989e-01,1.399341949849858269e-01,1.052491775439905464e-01,7.744041807904720187e-01,9.651531821338887873e-02,9.921661901548247675e-01
2.514863485491674044e-01,2.331170579866972403e-01,5.998535404437950191e-01,6.511111745423310282e-01,1.571725926967623144e-01,9.609417858476337893e-01,7.364346605972151849e-01,7.344923903131987952e-01,8.175521246811456866e-01,2.016588925737601290e-01,8.678852271736425816e-01
2.773479094875473949e-01,4.725455390151673818e-01,3.228532388946108167e-01,7.145057300719164228e-01,1.694929399922785462e-01,1.588467980140062519e-01,2.094427909477318828e-01,9.774322023734594023e-02,1.116438499842838938e-01,1.430008189674378816e-01,4.024823264492732866e-01
2.855155609007714590e-01,8.063483383407317184e-01,7.385327795154887909e-01,7.022642378293455501e-01,2.760566728569954220e-01,7.936852562286570434e-01,7.753045309509541960e-01,3.048767776309009303e-01,4.954956254239372138e-01,8.261520085803950586e-01,1.561915319066896402e+00
1.800715250129725220e-01,5.930464280822171919e-01,1.291284130858577628e-01,3.937419922417108031e-01,7.168679351024420665e-02,3.739754316308530058e-02,1.456247305359134048e-01,8.410725064842303755e-01,5.626625639112791122e-01,5.547461598846485931e-01,1.777485056208888692e-01
2.897665790701891009e-01,5.165543849806737420e-01,4.560829193917457225e-01,5.281850667805095823e-01,5.717324653093536213e-01,7.066075792090612540e-01,1.089887311778725554e-02,6.587437100065712814e-01,7.512282687325581021e-01,3.142454568570800522e-01,8.982117545880294873e-01
4.608145679167230391e-02,6.884210876241559918e-01,4.777738145125259850e-01,4.432006821856737666e-01,5.248110370726740692e-01,1.986332823695279304e-01,5.320495032505270228e-01,9.314015843587994947e-01,2.115625461821842856e-01,9.330343480616886120e-01,4.414516967238830691e-01
2.374322282155625352e-01,3.140425511047154616e-01,5.156568882643132179e-01,9.415475233019069412e-01,9.926751643080544696e-03,7.055128355065497514e-01,8.805732954397312851e-01,1.500808127064525710e-01,9.763196693597014919e-01,8.109065662698029531e-01,1.066218098225434785e+00
1.449358170265065970e-01,4.980419827862672122e-01,3.436568276347320428e-01,7.265921352684138190e-01,6.279317682272332890e-01,8.787423042255071426e-02,6.400364927894042211e-01,2.173583220541781547e-01,4.785584407166563192e-01,9.409991745010596320e-01,4.498714255763441305e-01
7.188117659013735228e-01,9.333719304394937355e-01,9.255964445664686124e-01,3.410480818295285044e-01,4.343915492512084864e-01,3.806600288026418255e-02,9.557644932707366481e-01,9.532855566397380187e-03,9.381910240495822118e-01,9.620249621214364000e-01,1.681574005383519754e+00
7.904046756918259309e-01,1.055537452198860304e-01,7.745357800430748840e-01,4.682575766064339673e-01,7.800691194366301540e-01,4.022290797771507220e-01,6.066307938628821006e-01,2.064763804101342748e-01,2.960560427759840740e-01,9.241782641029270273e-01,1.189752235033280092e+00
7.033138635622097068e-01,7.127986242257142724e-01,1.840717962213428427e-01,1.999283897651140673e-01,8.440228971710417305e-02,9.609415275490653663e-01,3.166497073122512829e-01,7.387896886356415393e-02,9.521073305366820616e-01,5.415658382203585308e-01,9.270596059826371471e-01
1.472719414446412856e-01,8.029414745685153898e-01,6.975469024633389470e-01,6.064932039255008789e-01,5.063463965286529866e-02,7.917313849242135770e-01,6.234757366902438092e-01,3.257129854478717501e-01,7.426376554326085122e-01,2.665472256024787878e-01,7.967925629250760533e-01
6.591060736354127370e-01,6.153853132376545521e-01,1.968120809924056580e-02,7.303406225872340896e-01,4.170970775617393045e-01,7.894953758300982116e-02,7.643503573931079709e-01,5.825149664467430544e-01,4.267931909463617002e-01,8.309156332144989054e-01,6.692121722455063315e-01
3.487265042892635503e-01,9.644678774158456092e-01,5.668535816937854133e-01,2.940165813882865686e-01,1.679107137912209113e-01,2.115157629857777888e-01,5.848539615193356633e-01,5.964722372901927194e-01,4.672559742906081670e-01,2.463437423828446216e-01,6.633506248431788599e-01
6.531661829294277410e-01,5.976200828870537052e-02,7.025631516455784764e-01,2.443000400489460100e-01,6.643065879778176086e-01,3.606584873016951409e-01,7.970736412014253203e-01,4.702225611920625159e-01,6.975066526128448352e-02,8.907535202160429266e-01,7.122761418652707732e-01
5.196831040238639732e-01,6.179063594334076592e-01,1.964001825565792059e-01,4.255516686299509743e-02,6.508492991175395259e-01,9.129315903017539702e-01,9.767826935248160591e-01,4.747933904434059604e-01,3.854935592729611393e-01,2.618974709903164610e-01,1.166295683798789451e+00
7.803908803644052927e-01,6.776236072223918994e-01,8.523937790192124275e-01,3.370649346699661209e-02,1.866321139940944063e-01,6.107721141429687250e-01,4.685468068228741956e-01,7.889431605901683353e-01,8.228501794943312575e-01,2.096576948478680036e-01,1.081558707136097697e+00
1.723200861257259131e-01,7.635100587519380033e-01,3.770549321106164697e-01,2.560901372144929189e-01,7.240592757123059942e-01,7.561387555629547341e-01,7.984971790001805791e-01,1.834016920177994336e-01,9.367996345337266106e-01,5.583942922246111218e-01,1.063719841281618228e+00
1.312819744142935674e-01,3.540712334429891861e-01,3.717160750708272676e-01,8.274631934913246889e-01,6.696705741801270984e-01,4.396737549234823739e-01,1.072866252070888704e-01,8.743136568331388858e-02,5.917389890423447874e-01,9.287535192916327453e-01,8.086253616111341858e-01
5.373669089132449006e-01,2.270357666751379178e-01,1.948938574441791971e-01,3.645653086450800773e-01,7.416147977748179798e-01,6.598678375038392607e-01,1.835371776687879652e-01,7.188376477220486116e-01,3.728259948996928141e-01,4.626891478710387640e-01,7.786951995967998919e-01
4.311446866066128702e-01,6.497240013089398136e-01,7.994356695395791190e-01,6.579439037262232448e-01,2.238180604104410554e-01,2.126442002072829185e-01,4.475317693645745054e-01,5.511007298635599572e-01,1.828202526669907568e-01,8.896465595078975053e-01,1.040213614865379332e+00
1.162396113387375030e-01,9.233618009036138607e-01,8.645723697827114584e-01,4.910711108025375138e-01,5.781910897105693170e-01,6.521581947132528700e-01,4.845507448784589499e-01,8.932195992895076708e-01,8.477079653955839067e-01,5.975945642377551437e-01,1.293662580853130573e+00
8.776167430234049771e-02,7.772017314869850146e-01,1.584565406689860678e-01,6.569816004935457032e-01,7.903222677262033979e-01,6.380858590647137119e-01,8.459271855513359473e-01,6.825013810116890012e-01,6.194898595254216822e-02,5.707119968834856172e-01,7.389081615179637907e-01
6.097192394122596948e-01,3.256638958259633343e-01,9.031640023418526786e-01,6.657433958289749043e-02,6.270888172616755352e-01,6.537296144039550505e-02,8.458437799960526471e-01,4.922422127557271043e-01,6.179746089894813110e-01,8.656500048557989047e-01,6.695022190574999588e-01
5.570760739788911398e-01,2.264056914342746918e-01,6.607808219683699580e-01,9.523184468032024341e-01,1.066618052384504800e-03,9.316218353104832595e-01,3.328363966644156680e-01,8.470370106993238002e-01,1.415879692882633378e-01,3.183611047868746269e-01,9.786276142185214022e-01
1.039382490975212514e-01,3.109357565705166415e-01,1.212641676677916891e-02,3.667572372461346264e-01,5.970011702486021088e-01,4.847271341137426859e-01,6.378386228162324922e-02,8.168314425142491064e-01,8.797369348997844396e-01,8.050890475894452170e-01,3.367128405817573777e-01
6.421486556099632592e-01,4.820500905471559738e-01,7.075726152682493275e-01,9.942998112122231058e-01,6.335894280019629399e-01,8.805875730130701129e-01,5.917088566825371432e-01,1.997269087540273214e-01,2.080780020364002558e-01,1.444475104661143705e-01,1.740082784395844406e+00
6.536249120536736790e-01,5.380958412922486334e-01,3.165611641733631076e-01,8.089244839334203130e-01,3.999026147497405370e-01,5.169649402794324056e-01,6.498018525559531300e-01,9.948798809578753843e-01,5.129661945700938475e-01,9.875264242486100352e-01,1.194002692670544929e+00
3.065007121993729156e-01,4.082553188192474813e-01,2.224235541792596305e-01,6.983948257711111163e-01,9.459873135111822595e-01,1.213075318831630112e-01,4.743265397412533835e-01,8.700416274475414324e-01,5.301953483299201020e-01,6.752874200142635619e-01,4.905263157790887285e-01
6.946316512016803557e-01,7.105459535766833756e-02,2.382602022392776853e-01,6.933896459121652311e-01,1.902870962703392399e-01,4.236424522125676884e-01,9.901265011327707866e-01,3.010848866605576601e-01,5.016958906415189823e-01,4.982007650790353237e-01,6.905175701373085229e-01
2.237811404258251979e-01,9.619368555620894101e-01,7.660979522097511873e-01,7.459145653312148072e-01,7.404462452044394682e-01,5.153571775937587640e-01,5.268025144546811811e-01,5.971489063914555695e-01,8.896727887848976390e-02,1.341684912210083791e-02,1.184086611750182039e+00
4.657131981866872161e-01,9.346514909945217164e-01,3.073520666669362633e-01,3.796943698238178788e-01,8.986585850599924097e-01,5.353542850679472442e-01,4.662221492245345322e-01,5.426358449759439706e-01,5.149778363053746366e-01,2.140825822204659445e-01,1.180120716445908879e+00
1.833529562161184678e-01,1.306783683616858927e-01,9.583861082495389594e-01,2.955775769854677160e-01,7.153088145449756352e-01,6.054114040180410550e-01,9.642610298656414392e-01,3.397595184174667660e-01,3.432843419601379065e-01,8.692266367460138587e-01,1.305327367998603494e+00
9.456864579930767123e-01,7.462398311800140238e-01,6.684083993955828307e-01,8.092448318302524202e-01,7.570780901674968311e-01,5.023693459187792421e-01,7.363030093562247247e-01,6.171471401428331172e-01,8.005205019026350177e-01,8.125812920345502066e-01,2.457214587882444512e+00
1.495667871978703101e-01,6.769453713551375484e-01,7.018995617882877180e-01,8.530646423866354855e-01,4.483425710816726362e-01,8.168128256253219810e-01,1.996158057516451700e-01,1.222301122044896493e-01,2.923427601031841627e-01,6.746387995798340809e-01,1.461738657298008226e+00
6.243149006982905425e-01,9.907683078704486723e-01,2.024510178315913622e-01,9.976649112017729193e-01,1.279975060406567389e-01,3.937912811909244359e-01,2.865332941756242313e-01,6.748043271884917038e-01,3.295763022100450801e-01,4.002715721695748741e-03,9.302100243075516195e-01
7.217245916498010727e-01,2.840852140652295743e-01,2.670764326318305626e-01,8.408942564515584639e-01,1.807074984938356055e-01,4.851050412127159150e-01,9.690263105160284995e-01,4.431607578596200581e-01,7.743382698053161706e-01,8.124339531739777076e-02,1.069351393536172035e+00
6.296238123752141425e-01,5.325091574286523466e-01,2.836112058732244146e-01,1.895891765776923643e-01,2.601020216858225265e-01,1.936517472293026731e-01,4.996787071449032558e-01,7.564543748977967663e-01,9.724034274673073464e-01,8.860233119259519619e-01,7.940087373863046194e-01
6.267318607547529563e-01,4.573955024225475618e-01,3.875497312249289728e-01,4.652136274364933044e-01,1.733615684874829643e-01,5.442410722284835023e-01,2.807006723582226027e-01,1.374332969526244064e-01,3.113951798798622050e-01,2.228876631020547672e-01,6.631017123545750458e-01
3.407486190084423328e-01,3.867654882800092286e-01,3.560311606367366766e-01,3.836021532659513733e-01,3.458825520908588302e-01,8.621773808208809120e-01,6.984928137208691323e-01,2.731685518534653356e-01,9.494496462625134914e-01,6.462496759202068786e-01,9.909292891157330807e-01
5.371425425428326683e-01,2.985919742048007697e-01,9.355991217705569296e-01,8.168842393376969380e-01,1.122701954643584576e-01,7.609423462420826789e-01,3.355400667369912160e-02,4.734996661321360101e-01,1.312254948762785478e-01,7.081126840360125740e-01,1.516590502955606379e+00
7.121195090858805088e-01,2.461110844291650723e-01,6.072376048567229567e-02,8.814843833718798427e-01,2.528522681016998064e-02,1.689672636209116341e-02,1.024273329287277434e-01,4.316709452192157848e-01,7.526719445428348143e-01,7.691296508927336628e-01,2.849042104805036835e-01
5.362598408391107130e-01,5.492319075488931723e-01,6.999214562212793256e-01,7.653053571595321847e-01,2.474323918472300932e-01,8.699056077005757892e-01,9.107111768863750401e-01,7.521957655549632582e-01,7.116079219324398242e-01,4.177821153613959781e-01,1.647334172048460443e+00
9.103118424827034705e-01,4.724312617962052041e-01,7.178179930912894635e-01,7.242320381089044634e-01,4.590122866006670632e-01,2.572572026753808805e-01,9.675948263610716360e-01,9.309582803015054031e-01,4.668649735163608039e-01,4.761625313818874661e-01,1.567161534639263998e+00
6.493776829896900082e-01,7.169430435656384271e-01,8.987147326741616871e-01,7.735035029621950553e-01,9.630241314078766823e-01,9.959517511317782512e-01,1.257408445941488040e-01,8.532182921329554137e-01,8.324818496513377575e-01,5.029414532072543631e-01,2.637997346790268427e+00
3.232969675300647605e-01,1.295385897981611301e-01,1.084949563161279329e-01,2.361067674535921590e-03,3.716898366220618977e-01,5.769325231076910532e-01,6.885673200904030011e-01,7.778133537561509048e-01,9.730222939934057846e-01,3.700321623962861128e-01,4.963436179353235000e-01
5.613773113908411272e-01,1.453014382200358279e-01,1.364243554489243948e-01,9.096444543169571739e-01,9.033947355647459210e-01,4.628635632509189302e-01,8.424411508905509383e-01,5.151649492879989412e-01,1.032935086205467590e-01,4.075105949274734352e-01,6.983980288617127608e-01
2.983227036177327207e-01,2.263850959827102827e-01,9.382610271362997745e-01,5.313729227145291834e-01,6.844480871264753130e-01,4.069219840932432053e-01,3.308287558992062394e-01,5.558286731013819537e-01,2.241415440681023830e-01,6.902791019955255569e-01,1.130288554175198801e+00
4.934180914460823963e-01,6.164235883418398565e-01,7.246106245621519726e-02,6.237835200066244035e-02,9.097649326466289432e-01,3.722805036357085262e-01,6.271555148666096979e-01,6.095349633755665630e-01,2.916323666506204226e-01,3.185132604286635694e-01,7.462000625153503153e-01
7.850202692305137120e-01,2.578084509305959005e-01,2.098797242757677317e-02,8.380638475601521753e-01,4.983181860181943312e-01,8.504115388135072839e-01,2.918699145535724737e-01,5.348724353015666955e-01,3.953586622792149008e-01,5.589668423729284852e-01,7.443124060808387066e-01
7.024912756197458918e-01,2.748363097228763152e-01,5.675182652451855603e-01,8.465046992206248788e-02,7.548981485713313067e-02,5.834834347372500618e-01,7.751337926479325846e-01,1.487978032808715545e-01,4.333809309989457015e-01,3.551091538973658590e-01,6.387344469689588689e-01
4.254046102706809940e-01,5.015975946041750788e-03,8.236112630830016990e-01,8.008672463831139066e-01,6.195901522109077408e-01,5.216849731927777345e-01,4.892988531854403078e-02,4.204795058031299826e-01,2.484938664938954878e-01,8.101931587672062118e-01,1.338252520766649134e+00
1.798623760365166691e-01,8.760241549242573367e-01,8.140888987499894647e-01,4.920490978814167082e-01,1.488719806949989621e-02,5.208179625446134331e-01,2.024693354957018965e-01,3.882406261284127025e-01,2.971857508231705580e-01,9.489168888171701788e-01,9.790447985479306947e-01
2.571017894956467709e-01,3.391079128279742561e-01,6.339249390622585523e-01,9.407451674404707642e-01,5.292245787683129699e-01,3.953083091828157869e-01,2.094507531071024831e-01,7.406247068816018686e-01,5.260656033876045523e-01,2.491964208424836125e-01,9.835302416877959031e-01
4.358157151579108435e-01,5.903682382385895266e-01,9.783220224450438485e-01,7.703738724229647339e-01,6.869965937242811238e-01,7.458859462452634981e-01,4.541686576317164326e-01,9.246488874854867923e-01,1.961861265598034976e-01,6.270227814353671603e-01,2.019767420236158628e+00
7.083480168171851776e-01,6.160352877652589543e-01,6.163690093386396951e-01,8.409869361124603371e-01,8.214904858779151775e-01,3.726946010923980479e-01,2.551913934802264583e-01,3.007989382148488211e-01,5.078109328217661478e-02,8.508426649136868747e-02,1.289615474314516508e+00
2.907164500490618808e-01,3.700238598573659665e-01,9.202864802500148045e-01,2.724176784927345718e-01,1.153577317517654466e-01,2.665518646667611735e-01,6.235868929659520443e-01,2.881430883453930392e-01,5.565964641357753484e-01,6.886836566899636747e-01,6.588637422361816043e-01
8.928624678425629568e-01,6.261706890447419349e-01,3.923146407700840443e-01,5.504961378817470052e-01,5.999640967563965033e-01,9.179476566826455519e-01,8.076741501537306744e-01,2.661971080493091835e-01,6.953989450222627378e-01,9.381642591247840723e-01,2.165124730714124812e+00
6.512995687612832540e-02,4.521600204537827850e-01,9.074676660474252365e-01,3.857839804466189904e-02,8.946742951998702953e-01,3.336344678078224657e-01,1.953301918349570343e-01,4.303801096221566702e-01,1.985268312694765669e-02,9.552532959638275756e-01,6.524194248038107657e-01
5.271003556714592975e-02,5.486731345064860266e-01,5.359415209320749218e-01,6.690837048703159873e-01,1.790613197720696270e-01,5.826651773625242114e-01,1.213331654740430476e-01,3.250265613796710085e-05,5.480095821508538245e-01,8.851582758222109604e-01,7.717602201277851126e-01
7.886551336075087182e-01,8.619719981234187367e-01,3.810841061179287559e-01,8.021987108392748533e-01,1.679466728612803994e-01,9.573825614234480197e-01,1.543100289553102078e-01,1.482434111039329094e-01,4.935849334145357981e-01,5.531943282770979131e-01,1.408190269087669311e+00
6.006002851545888532e-02,6.306797915406079369e-01,9.199325404846150356e-01,3.022824039544889096e-01,7.773669884017897491e-02,2.959173200712240659e-01,3.946758318953866862e-01,5.041762757036883924e-01,8.233513279326476475e-02,9.247767823655258512e-01,5.926598024927351993e-01
7.122246192761914063e-01,7.462895278383103737e-01,3.157814695676709471e-01,8.024100968371604692e-01,5.065304158706765980e-01,9.018189358142405521e-01,6.520735038173604003e-01,5.142985317246068222e-01,4.059190022246123020e-01,3.999024334302817563e-01,1.544112074560290759e+00
9.903813735977523569e-01,6.684804028217550265e-02,8.937884549661180289e-01,6.650997361621913129e-02,9.593300556796108269e-01,1.341157516544888573e-02,5.966435345461251760e-02,3.405037593055102452e-01,9.083620333101839472e-01,5.193678872572198291e-01,1.984182825309627196e-01
5.575635866303753074e-01,8.260663455436179081e-01,5.494075558247997204e-01,2.720196599357592726e-01,1.340675805967308509e-01,7.927067742078213186e-01,7.117266238628605635e-02,7.664768690433317877e-01,9.447491180408593703e-01,7.103087415600022325e-01,1.063154216347025560e+00
7.896242779621456265e-01,3.414086272407789169e-01,5.275484935887297944e-02,3.745706234411202429e-01,7.000815270042015648e-02,6.366794609622761225e-02,3.439175877629875311e-01,2.063785163268658795e-01,8.768317914507436361e-01,5.929206367306628644e-01,5.339111494960666615e-01
9.678120413669288880e-02,9.067601367171596038e-02,9.611656997592032958e-01,9.562984912664868054e-01,1.285130112732498775e-01,2.083596588913394498e-01,4.272905477415590569e-01,7.396833308891000991e-01,3.731979433913890087e-02,4.164132569906842107e-02,9.645967124302652351e-01
5.443678632893078628e-01,5.475736471783066994e-01,5.248488177883725569e-01,4.810758774706381802e-01,7.434255431457221786e-01,4.544307677949651625e-01,8.580294836336328501e-01,2.260754501297909114e-01,8.094309919468528625e-01,5.045518390671333009e-02,1.278514983259525506e+00
5.077544511453213616e-02,6.441958963669474070e-01,9.184960238954259504e-01,7.482384643661145196e-01,7.950162430634675204e-01,9.828370880914949481e-01,5.796788303945452636e-01,6.631049068526094770e-01,8.831076097433332439e-02,3.277808092270557694e-01,1.799832339127187320e+00
3.078526889364924246e-01,5.093335979752153797e-01,7.717053272906989614e-01,5.330320135802675274e-01,4.900614347306576635e-01,5.715809626934186261e-01,1.300452707558383825e-01,4.376872149631598763e-01,4.051380235914588956e-01,2.890050086203461710e-01,9.919505816481947180e-01
2.793865960737715870e-01,1.000263390591529244e-01,8.269366390350574303e-02,6.596342698101292923e-01,8.593500174051904583e-01,8.760308287877679456e-01,3.350838896778138842e-01,9.386451857472799531e-01,2.276782992732432342e-01,9.513907190981261142e-01,9.255463117197868517e-01
1.548094717682708676e-01,2.959896432380720865e-01,7.982162918544889463e-01,7.839776770017092833e-02,3.713459311761752035e-01,5.054857966842922767e-01,1.804794677964746130e-01,6.865242450582402789e-01,9.517663350847772596e-01,1.431527203929348069e-01,3.804630168468863816e-01
7.879291312330177766e-01,3.527614291761349552e-02,4.853419961783298486e-01,9.987017128221808981e-01,8.449225931390876854e-01,9.325160636993606866e-01,8.794015361525632235e-01,5.179638021684271898e-01,3.348320350641135201e-01,5.008079916761583039e-01,1.759078322122112681e+00
5.298855205930151913e-01,4.821128342075445827e-01,2.828493876235778082e-01,8.827916821750670939e-01,8.143885985427496976e-01,2.045464379373678199e-01,2.268541364630414225e-01,5.458352500035512644e-01,2.150465858137678987e-01,9.922592913442186413e-01,7.550000185210310466e-01
8.717523740597793447e-01,8.037798197289168778e-01,8.957568954897191515e-01,6.914097903309900373e-01,5.430542498876267388e-02,3.896353527328294541e-01,6.642732140164981924e-01,5.992410413277989845e-01,4.400547121160950370e-01,2.581120387863343746e-01,1.686104910698867476e+00
6.620794581387591249e-01,3.164082136821234625e-01,5.198581396647319330e-01,9.253562227001050911e-01,3.324609824710924588e-01,6.032094728927568372e-01,9.176964293203362377e-01,7.549350308202249504e-01,7.554617569232298102e-01,4.447775654147141378e-01,1.489569261759573937e+00
4.191283049159285623e-01,1.054096029750615227e-01,6.603853913408186393e-01,9.644255510090449235e-01,3.049540117807723050e-01,4.971226493392741919e-01,7.331472497364905916e-01,2.807662787576995500e-01,3.740712548066104093e-01,3.471243934438745793e-01,1.061576235723404205e+00
7.045239711196751298e-01,6.590711519390894946e-01,8.252206286453578343e-02,7.556348969291684092e-01,4.362668666918574356e-01,3.192310122419317331e-01,8.403783534138999922e-01,6.699231384239321407e-01,1.489909883465542206e-01,7.635266451430087198e-01,7.742845329639496121e-01
5.327615384456252379e-01,9.621165867962745422e-01,1.032972445827294861e-01,6.600880902239381065e-02,5.358878693513857705e-01,3.454510354135638117e-01,7.819684765761261147e-01,2.127167335624756683e-01,3.309682065566577069e-01,5.092111802383501029e-01,8.605732813934108272e-01
8.142399277023051329e-01,7.225720320819957188e-01,7.362850310886395189e-01,5.899479436923327214e-01,6.050540288537504807e-01,1.860786358153695419e-01,8.303296655962293382e-01,6.296356636634589110e-01,3.375903080918014609e-01,6.583831930760309925e-01,1.453748127125183087e+00
1.244370888606232128e-01,4.931788533044907386e-01,1.345904449366525091e-01,1.395066773201500965e-01,1.825185896315817402e-01,2.714548947982406979e-01,6.310665967366380080e-01,9.092052331794413522e-01,7.958527882411562393e-01,6.280148393063300638e-02,1.944828376114665913e-01
5.784909008168314104e-01,6.452669240205308743e-01,4.048500769349894224e-02,3.124551977114837786e-01,1.055390569457973493e-01,7.285895312232286702e-01,6.653583103041789126e-01,3.639362819509871505e-01,4.167465153908634923e-01,8.138224823186449575e-01,6.472380181102449503e-01
3.101882326718187199e-01,7.378549244662836459e-01,2.667237328210995129e-01,7.622634389796107968e-01,7.532881051248285775e-02,6.953096707061383608e-01,7.572865024684533042e-01,6.907001719734870981e-01,7.839426855597494415e-01,9.598797037019511924e-01,8.467287772732632334e-01
8.343243781118666602e-01,4.782270303745839168e-02,9.693065665707104595e-01,3.351051782515164223e-01,2.733486775754968567e-01,8.428033467094598885e-01,7.344383109868581894e-01,9.216295039695567848e-01,7.204754194992278871e-01,6.282653394433987959e-01,1.549828672585352951e+00
7.808157338880490350e-01,1.785013313353046582e-01,3.854920656199570805e-01,7.869110475059770682e-02,6.441748684896830834e-01,7.896415224178753300e-01,4.483619014647122203e-01,3.190986142021513539e-01,5.358954824802237837e-01,5.226490044661287193e-01,1.025083900628580569e+00
9.855880478216806351e-01,4.520950560502904336e-01,9.108467753915798770e-01,3.356625145894687190e-01,3.602404459611455723e-01,2.859250407898090707e-01,5.291007405503022065e-01,2.454407431326388611e-02,6.695254236609662346e-01,6.355157169387104510e-02,1.220010366054955497e+00
3.336892299022339303e-01,5.775186821711933982e-01,8.976566589015966269e-01,3.109008620764859288e-01,4.855744939003308058e-01,5.210222231868683052e-01,1.146691253025822199e-02,1.995508640867549310e-02,6.306021397139404128e-01,1.998797459112378050e-02,7.365503795347061455e-01
8.907715864187650823e-01,1.235223755937970846e-01,5.318437691876010120e-02,1.044958374793776290e-01,9.076635377817072747e-01,8.843986338690139615e-01,9.176851195617256041e-01,2.870472656213092222e-01,8.444677296640313857e-01,8.399600345577364902e-01,1.648140994258500136e+00
1.383630447894852455e-01,4.189025294567186863e-01,1.138455483849467598e-01,7.739402083756085071e-01,9.750451570529006240e-03,7.808749301220797578e-01,6.846568450075982692e-01,9.036943863321627024e-01,5.036542574559684793e-01,8.845022621772433702e-01,2.800274208390223785e-01
8.318231361746138974e-01,3.625244869367538758e-02,7.136896693026345551e-01,7.362553400922261515e-01,4.519708739087480165e-01,8.982178040100818883e-03,9.153746878295718759e-01,8.867657741540738714e-01,6.958262958582325242e-01,3.850115081881073653e-01,1.091964157777241651e+00
5.364789433975610811e-01,3.799167340846854035e-01,5.831605934001878877e-01,8.851961626819760953e-01,6.157128858997241716e-01,4.222548898824598496e-01,3.140738779028282579e-01,2.395518841626018691e-01,7.557016220823419284e-01,7.135882262266037834e-01,1.283063516390750891e+00
6.725194018050063560e-01,3.897198720414568607e-01,2.291328301234464293e-01,5.361380494364514915e-01,3.830159645959052561e-02,7.342352288118334513e-01,8.565182000861659706e-02,4.235733667331544883e-01,7.387471978983092269e-01,7.423894651605156270e-01,5.805147490764144269e-01
5.083849749696809361e-01,1.378292494754006503e-01,7.775268044635387232e-01,6.270123149023157927e-01,1.846190703989215587e-01,5.544315926170784170e-01,8.436618099096054868e-01,6.940297440878923085e-01,7.954103417548001875e-01,1.717760990158363477e-01,1.075153482077996214e+00
7.447635228043946176e-01,1.635774068799230596e-01,9.547651483518185822e-01,4.381150608761658072e-01,9.332899008070761893e-01,9.885977438290488584e-01,8.106784639655980618e-01,1.059007339273113635e-01,2.023226302122043130e-01,2.378220622258613304e-01,1.809402008987038846e+00
6.036348630985923780e-01,8.857577813018762125e-01,8.755061433005001392e-01,6.122616575751982371e-01,1.698887591228785965e-01,9.939123370716720363e-01,4.923073942609659248e-01,3.155912272927036133e-01,2.319185612318438450e-01,6.171440813444409867e-01,1.845511986484476896e+00
3.448620874445945672e-01,2.293903565676349565e-01,5.574147630418412325e-01,5.675394894932036527e-01,4.282501171488041214e-01,1.971999501104861885e-01,6.490307300690261183e-01,6.617128921986781265e-02,9.505579513315987050e-03,5.633488813999091294e-01,5.439659535409820945e-01
1.194572798497928190e-01,7.117032540897800796e-01,9.974697280848432435e-02,3.902976375071398607e-02,6.052894905213781485e-01,7.730931112434501484e-01,3.320314185331432189e-01,8.679226430917108548e-02,3.725731519973376482e-01,6.040656881163819492e-02,5.762921262097754349e-01
2.490796147724194665e-01,8.906141600645194334e-01,9.142815981094608579e-01,8.217576145231044737e-01,3.013652321985201832e-01,8.829925765295939533e-01,4.279690875426600538e-01,7.985298818162572809e-01,2.777680363373957739e-02,2.093167561323849846e-02,1.259114144565079529e+00
7.085654806150197826e-01,4.141314105200322171e-02,3.471636209094284276e-01,1.314830662599701938e-01,1.178436530061041099e-01,9.122103473721046019e-01,4.266318653315702702e-01,3.836025661478712490e-01,1.295137515745150569e-01,9.100603365210870876e-01,5.098434203292336875e-01
5.625634377401499409e-01,8.473066933703012893e-01,6.642755817773283722e-01,7.579682174739564848e-01,3.110713930604962485e-01,6.872823698384409319e-01,3.061667572245804214e-01,3.442647328457953959e-01,8.432048270087799668e-02,9.468598894118014364e-01,1.640764689031739998e+00
8.555140207500711025e-01,9.434016533046346575e-01,3.632660239946572389e-01,2.038335331668933437e-01,7.567100204527847929e-01,2.736492109043554555e-01,8.625665007851283095e-01,9.484312558325761477e-01,7.069707310935122724e-01,4.367390544973592803e-02,1.614254130968060474e+00
6.162098203220728321e-01,1.639235221121588815e-01,5.892651872229830445e-01,6.801512168517884760e-01,7.907011156837304711e-01,7.871082159183181437e-01,6.820058363225178777e-02,4.276628526068171343e-02,7.560663941496187368e-01,7.242023316754602202e-01,1.491838655262362590e+00
1.838505818844982098e-02,9.373370249092122242e-01,5.946774257569646949e-01,8.838484808579171181e-01,1.095563108748011105e-01,2.483486735628100961e-01,6.272025508120647741e-01,6.353198647471461902e-01,1.006749672217329694e-01,9.413465612204903188e-01,7.102317772278378127e-01
2.460205466554121756e-03,7.188087386497176157e-01,9.537740374537521104e-01,5.994516698655251163e-01,8.256633838672230441e-01,9.326653609889398178e-01,3.379227100391691829e-01,6.138290951906179016e-01,5.110730454878743556e-01,8.577223029808070942e-01,2.106990975929660781e+00
8.431367103113509565e-01,1.763236294106926838e-01,9.888287949475546013e-01,1.304036718847670917e-01,5.531503474479346760e-01,8.883016338875865392e-01,6.380921087267795722e-01,3.465664932750330829e-01,5.670997049617960695e-01,8.760062615187184099e-01,1.843540028058427094e+00
8.723808530654808546e-01,9.057842162715485923e-01,6.389432093577782634e-01,5.595895251395011094e-02,4.663792437605552843e-01,3.177805257485492030e-01,6.651097958850874514e-01,1.589208553617106334e-01,2.133727823624209652e-01,4.867700664496328322e-01,1.196790328039236906e+00
6.244879906262890135e-02,9.643665558254818082e-01,6.343311006899012838e-01,2.121430976255088696e-01,2.095333269443881985e-01,2.717034851015842634e-01,2.848532788589503983e-01,9.877831650316856171e-01,5.388503497857777269e-01,3.147942516830255499e-01,3.155636846976899168e-01
8.554767086951013955e-01,5.027223024235455417e-01,7.633008857282586046e-01,9.432474436505845494e-01,3.186250979284934726e-01,3.243728232859647287e-01,4.613508364088267921e-01,5.373476574513437187e-01,8.704297276857777543e-01,3.699962242055787609e-01,1.688547782466441438e+00
8.033305099254698378e-01,1.439963272840434350e-01,5.652192626898444594e-01,7.109694910070493146e-01,4.712740128009620388e-01,2.856555796199261588e-01,9.653601400605780203e-01,9.069738120896042588e-02,8.222797070951922693e-01,5.349102611097048543e-01,1.376198494261635430e+00
1.950207104060482921e-01,2.495747196333828466e-01,7.309963234074191574e-01,6.562132070887317647e-01,9.029489612332085580e-01,4.632226669670888031e-01,3.747787538834187471e-01,8.816338110734061040e-01,1.494091671585019432e-01,6.502081395707711708e-01,1.177717988103297531e+00
5.477211888898760872e-01,5.908574845979580603e-01,6.944589748698849485e-01,9.088360652252478467e-01,6.656585007543334154e-01,1.721115943052042851e-02,6.356442899424170623e-01,4.224768837435244340e-02,6.301943484125815953e-02,2.380004145976112317e-01,9.910165520158948915e-01
4.205011925469435141e-01,9.527594337937309588e-01,5.468908665242984135e-01,3.017094283328545234e-01,4.396833567043207935e-01,5.506355636509565610e-01,6.884427683003335741e-02,1.735506154076013052e-01,1.092886002886006569e-01,9.626649199054927442e-01,1.100802274042765205e+00
8.415719683739897317e-01,8.306791075892464571e-01,6.924755708658111297e-01,1.103216703096020490e-01,3.849767101106471578e-02,4.212755210883327717e-01,7.377185055556133575e-01,4.026379541417806074e-01,8.200454871628867215e-01,9.659766435439798293e-01,1.582606727362768195e+00
1.160468503406228979e-01,3.278153278741278154e-01,2.267921067175632244e-01,3.995135040772128665e-01,5.944785198423341299e-02,3.691529885687171442e-01,5.144474528810238922e-02,5.552185418308120957e-01,2.034188482771689399e-01,8.754292388947347847e-01,2.251000057107322705e-01
3.748073820088373420e-01,3.010546094473536272e-01,1.380220154711460090e-01,8.041862048746600822e-01,5.188473236879751482e-01,5.692024677237149666e-01,7.455587124982508973e-01,2.144826776983954630e-02,8.081173293743514341e-01,8.546010430380477363e-01,8.121226794166083174e-01
2.585249323658732612e-01,6.476318768868648545e-01,8.794043364207155822e-01,9.524522808134880947e-01,6.966006936899824531e-01,8.774150276273882110e-01,6.227157534118977766e-01,3.904211595154035708e-01,3.907568894350121891e-02,3.975752996088997016e-01,1.929288396378009862e+00
7.424231876836525634e-01,3.419451456347702978e-01,1.500323990421914555e-02,2.426661605289122114e-01,7.088125632482678018e-02,5.218657479965063128e-01,6.058639253094910693e-01,6.168745290403230275e-01,6.933440108835867699e-01,4.976884754205026518e-01,6.102673089004392315e-01
5.780530224645071824e-01,7.938871093985296890e-01,3.856746413652558658e-01,9.066809141411602546e-02,5.085004165978684876e-01,1.538743629466088336e-02,9.457310110590686492e-01,9.137220131255878730e-01,4.727549800571145822e-01,6.381612397290122862e-01,7.639358948898635759e-01
8.149948744987078886e-01,3.859946886870383453e-01,7.569317868119197490e-01,2.043668048791260627e-01,5.558024907984555618e-01,5.302673682904328611e-01,8.023214500116415682e-01,3.561701511716006685e-01,9.040941761033449708e-01,9.191187433232131943e-01,1.724087975297222686e+00
9.818259179360211419e-02,9.376787406078285203e-01,9.829441156266249813e-01,2.048146845200776722e-01,4.061216374835210363e-01,4.588382917131171856e-01,3.731455265864346282e-01,3.778499824720686906e-01,3.802199737726079665e-01,5.080001372961545636e-01,7.227735259954648495e-01
4.167329204284113686e-01,1.036928473486813385e-01,5.354147618173764611e-01,8.457215311356675036e-01,6.007600978323301977e-02,1.200713435780786931e-01,8.959444149616840880e-01,4.660817925551477003e-01,4.002218908074010040e-01,6.021011136974463440e-02,6.565388685966887516e-01
7.344325134923291865e-01,8.125521693443610305e-01,7.763206561544756523e-01,6.418458856088709030e-01,5.888805896169491128e-02,2.716441843614302298e-01,7.803173378576239161e-01,7.353662475630285966e-01,7.368677449749949648e-01,2.213778076242889359e-02,1.537999879543593629e+00
5.279315762314660265e-01,9.411341500327183862e-01,4.149667709017013095e-01,9.867385990300692189e-02,1.066433332860080574e-01,3.305708822343466080e-01,7.896696963203885256e-01,4.230958953250346655e-01,7.465975795614935295e-01,8.604441428608872178e-01,1.002336451125717343e+00
8.486452493392395713e-01,2.190745863424050643e-01,1.826030096299610106e-01,2.593932201859339148e-01,1.858495771126003060e-01,5.514888721832458263e-01,6.488003793335683778e-02,5.556728047022290173e-01,8.842222170114542035e-01,2.096891524307575860e-01,4.055783962062614045e-01
6.637380270751808142e-01,6.106086285206049347e-01,6.277472980739423614e-01,9.869193755841068061e-01,8.610268643133701660e-01,3.233351835329628665e-01,3.993595968332563917e-02,8.079739110027990279e-01,2.719202716376634132e-01,5.525506654207567037e-01,1.422580960772694914e+00
6.809256137009248588e-01,2.178812701959275122e-01,1.153440307018305244e-02,4.877011379633086063e-01,6.718574280838169877e-01,5.330752561051433913e-01,6.624350052096096286e-01,1.787087969883637273e-01,7.580897768984011797e-01,5.031825628317123655e-01,8.571815398585778123e-01
3.605395130439121854e-01,5.629608165201771541e-02,1.344881262989940929e-01,1.024872133632692695e-02,6.094133854954301155e-01,3.244153613863582919e-01,1.712357516818314718e-01,3.885592469339372856e-01,9.899277808350818164e-01,2.031592286939912784e-01,2.893576202641467976e-01
7.336780422453071937e-01,9.997238062365499944e-01,6.196392573601680054e-01,8.678885857463668474e-01,9.562571057085366144e-01,7.572762210271848371e-01,4.873811029938834860e-02,5.551681008303425147e-01,6.392024223990692144e-01,7.740209854776063381e-01,2.381460780648325226e+00
6.601351935340915578e-02,9.005641046617691714e-01,8.418666197500964676e-01,4.389859381704486196e-02,2.706095440437138455e-01,4.338014484146012206e-01,4.426237598350837299e-01,9.528729051128819183e-01,5.599874313378327972e-01,4.645539701612598771e-01,3.998158213793311933e-01
9.251097476941783082e-02,2.713421819724822770e-01,3.231384846574436587e-01,8.316952198923837081e-01,3.160354343732586502e-01,1.082716162786810932e-01,8.115715921270671984e-02,2.480017709863051589e-01,5.082765817047535384e-01,4.781773826919634152e-01,3.486184950921863979e-01
4.260096472661825118e-01,9.419709547187496979e-01,7.468369086742122631e-01,3.704177492353104562e-01,2.606234468307241370e-01,1.289650659093412033e-01,2.278355652286548905e-01,3.905712495884257063e-01,9.078389901905257187e-01,2.634860815004054224e-01,8.250345598396572333e-01
6.917785628358079641e-01,1.387098445148682302e-01,7.224304579843864316e-01,9.285532576040553820e-01,4.914428603529696904e-01,8.613895918188715362e-01,8.470984092451261382e-02,9.021576246230137430e-01,8.994025119869457630e-01,9.448085676073804118e-01,1.830749586493018333e+00
6.608276731300705142e-01,6.353617364476106255e-01,7.042091665257576016e-01,3.459315721573275049e-02,9.487203322645076931e-01,1.750988356308380567e-02,4.578055639426250600e-01,6.103861800797227843e-02,5.630803381764901694e-01,1.355191610657064949e-01,6.328574786310974254e-01
1.705564726017197996e-01,9.971506414099219340e-01,5.757139096991811256e-01,4.666956012399381404e-01,4.854375895115258244e-01,9.624864578701987083e-01,3.972592751624939300e-01,9.144480359107926004e-01,7.752753021678777667e-01,2.952064273844814402e-01,1.122088491680560907e+00
1.396718218679929846e-01,7.452159685855662685e-01,1.112124854662779327e-01,5.023008361259945209e-01,5.183046321850682814e-01,9.652085012462191527e-01,2.918413860298060269e-01,6.546345409031846252e-01,7.466423772868563402e-01,1.230315852530667886e-01,7.038610923023989052e-01
4.729709188853093993e-01,9.656572338167280778e-01,3.604098254392826828e-01,7.925595775597281678e-01,4.653610334032597384e-01,9.305100341789732665e-01,5.232742092771474063e-01,2.319881441399727073e-01,8.206656870342021737e-02,3.939656983227376452e-01,1.327830390538121463e+00
2.165070343382723417e-01,6.972872249940256228e-01,4.355978483686077096e-01,8.922585193944805315e-01,4.271816818480730360e-01,8.060001196478872032e-02,4.002766013357532682e-01,7.773091414695078027e-01,6.798031594699323055e-01,4.926526241359602265e-01,6.502745417170765485e-01
8.159473011486843008e-01,4.952695774963420394e-01,7.824034437156281996e-01,1.909511436218391811e-02,9.289515032554441776e-01,1.503776006054744485e-01,1.104296759611796963e-01,9.771297405651222512e-01,7.315585945844433891e-01,1.732668553878072837e-01,6.450502713686886436e-01
3.242937725969081697e-01,2.866362032047520270e-01,1.541883660383749355e-01,5.819291363890938262e-01,8.628018346451743481e-01,3.054637595555509400e-01,8.966977323520219922e-02,5.580666977557319219e-01,4.683745078045531418e-02,9.733411863950268694e-01,4.934410887603992157e-01
3.759424765267913582e-01,8.925453112712337100e-01,1.567929942907934082e-01,4.407028633187478617e-01,5.128442824440443415e-01,8.460079875867974053e-01,3.592472764780715311e-01,1.819681405528704721e-01,2.701944069873012388e-01,2.211024130146888034e-01,9.043354560524836661e-01
4.088196460329690529e-01,8.775141582654519823e-01,6.348491867720809090e-01,3.390176007800348446e-01,8.010680107659146065e-01,7.241272548314831026e-01,6.007907281233277885e-01,7.730683708237741092e-01,5.277636663440824494e-01,2.740512859218110497e-01,1.409656510895650694e+00
4.405099009878058469e-01,4.861133189625208573e-01,5.573055872914315367e-01,3.522205671195659527e-01,7.176550619871052694e-01,4.737279631701124538e-01,3.650594322546985016e-02,9.302235404884875436e-01,3.742623495612170670e-01,2.043044089394802088e-01,8.103627499969455750e-01
5.321438445952084706e-01,1.806593751878119436e-01,3.182810487691639656e-01,4.478342166683173531e-01,1.730840518139737938e-01,3.285562922602123237e-01,7.937779163924507664e-02,5.485432617524053089e-01,7.197279118486629157e-01,1.403065269505101575e-01,3.406156784439021701e-01
9.758140264184765877e-01,3.558496307270642145e-01,5.477322145229812644e-01,2.995677849475791854e-01,2.511235401832487835e-01,2.049476789114560438e-01,8.650341198369447815e-01,3.624223948384985849e-01,9.223637776918761633e-01,7.109677263397482516e-01,1.421182611486517811e+00
4.984336038949336301e-01,1.647507585524897733e-01,6.694483075765257363e-01,3.380514442409310316e-02,2.847204121180521019e-01,2.449167226874139347e-01,8.466999479861608835e-01,9.138845850043966212e-01,1.105067626872484610e-01,1.450917499536172883e-01,2.449064854877721076e-01
4.085485279566816175e-01,4.043255996332676405e-01,2.640668086292036199e-01,5.199105168794755372e-01,9.683235062450237240e-01,9.565345190326225433e-01,3.071184956736006111e-02,8.734957752835394995e-01,5.435757027187055890e-01,9.865346052459470494e-01,1.484720802823758401e+00
6.059688991702534278e-01,5.607622255101640807e-02,4.735757258622985688e-01,9.723297658991938430e-01,8.587658018158900175e-01,8.825298066940574504e-01,6.914386661558699076e-01,4.239202277489191317e-01,1.417843021196762976e-02,9.848309322760947504e-01,1.669884126135454006e+00
2.298383816993322393e-01,3.226693092686938602e-02,3.115345461711521713e-01,9.375670515366060220e-01,2.962396751110202286e-01,1.395903293659566113e-01,1.416603711075239413e-01,8.360158164744980747e-01,8.140355017329189424e-01,8.324870776262978112e-01,4.035596133271694974e-01
5.272613361437865631e-01,9.584641725416490621e-01,1.756540133026969208e-01,8.304859990766082500e-01,8.752701126900560569e-01,1.558027163262407644e-01,5.510889998310171123e-01,9.474683400724644988e-01,6.327922910111341004e-01,4.843533884114118448e-01,9.847333809232717838e-01
3.422070434696798946e-01,9.387096100517989816e-01,8.694177028142644481e-01,1.074334936877484603e-01,7.143484735959981791e-01,7.061986278376796156e-01,7.672984746557818259e-01,6.419276292267629414e-01,2.365027107056272282e-01,1.576456257589576859e-01,1.078000730891075953e+00
7.697396826497659994e-02,6.906835479289555879e-01,5.655212713123337620e-01,3.648670702411056510e-01,9.799980558066176961e-01,7.163276398602542727e-01,3.768999111491501131e-01,8.820196267309774463e-01,7.999984832151679770e-01,2.188821001643305175e-01,1.073382393040656080e+00
7.989093522042866047e-01,8.232302969636926537e-01,5.246593975900929463e-01,3.655838346629204372e-01,4.171711881332473837e-03,9.523531846167416770e-01,7.813560144140170305e-01,9.091988509633817106e-01,1.319873316147059938e-01,2.866345925345568091e-01,1.079077260544238914e+00
2.506066412343380678e-01,8.889608292731013828e-01,6.548510216310760024e-01,3.598728710975248601e-01,9.497356106457621738e-01,5.125333387077622982e-01,7.311798445500995447e-01,2.812268062850640238e-01,5.044648032485972156e-01,2.363968289055533578e-01,1.116993727034431449e+00
5.886292062448454931e-01,1.163588719998415177e-01,3.951598840066942175e-01,3.186123763260501063e-01,9.074352543326239529e-01,7.791727397471626126e-02,2.371099361888958645e-01,4.570050145849630097e-01,9.406961335108746658e-01,3.648709766824561607e-01,4.076270416666227803e-01
3.604806955673633961e-01,7.751087966763627879e-01,5.946997784952093857e-01,4.674261302705593479e-01,1.101295854723692846e-01,3.797811841361409257e-03,1.812255754124740825e-01,4.511250324986266769e-01,5.880911836889531896e-01,6.583708487277439847e-01,5.977142043077391387e-01
9.252269101402764706e-01,8.306550222372521830e-02,1.959348006944592324e-01,9.688128566728598789e-01,1.096296478739071656e-01,8.607592545791128424e-01,4.586389178999615845e-01,3.221167591269178399e-01,7.959738932207832685e-01,7.191414651661793833e-01,8.200960672146335728e-01
3.813190526670314773e-01,4.304308823163915942e-01,4.329424470413822945e-02,9.567911100293884363e-01,9.266867849968832838e-01,4.360714705874657593e-02,1.918608622563077182e-01,8.123455333087300501e-01,4.138188007888591313e-01,3.202462568438867452e-01,2.768448840352059626e-01
5.659537233340616869e-02,1.641149797952550227e-01,7.209858935883686204e-01,6.933519527428610996e-02,5.743656735189163198e-01,4.541225495594471973e-01,5.566845111436129478e-01,9.355772763979041118e-01,2.432017560857618887e-01,9.829956689245153978e-01,6.496209709941678234e-01
9.313962031239146899e-01,5.881725102793017301e-01,5.004274782331722404e-01,1.194787070802705298e-01,1.160359088062162813e-01,7.270207821775136470e-01,9.544304194751386250e-01,2.474390969849584732e-01,5.691850954355953673e-01,1.744351313863629072e-01,1.261414506364836985e+00
4.447342314484401538e-01,7.806972388385713391e-01,8.515104482613444770e-01,7.124820972446606060e-01,2.987738378665203420e-01,2.676700739690550668e-01,3.218319551014467983e-01,9.760578760152058830e-01,7.987726935280134999e-01,2.154032941203309903e-01,1.197285188827040159e+00
7.930938336881687700e-01,8.330748180255507229e-01,6.096322505449850437e-01,7.802373128862226670e-01,6.795394903497642414e-02,3.415542293578788247e-02,5.966879931510926660e-02,8.058439981027842869e-01,3.258332932750395150e-01,1.879542892608871973e-01,1.158018351624170883e+00
2.626008540374823452e-01,1.297238450100461904e-01,4.843216794111158130e-01,3.912215597236525788e-01,6.853849550066420937e-01,6.913489497716215348e-01,9.217284602671401705e-01,5.388414600344170191e-01,2.283315556978748884e-01,6.928588368988896073e-01,9.846433250512687252e-01
5.327388622915257832e-01,2.366402021102185227e-01,5.341720817142798783e-01,7.126051669951387613e-01,3.071063713703952036e-01,3.462552269576936181e-01,3.828335710010878357e-01,3.783530640257383171e-01,7.944587441034266506e-01,2.261508391322465394e-01,8.169173508131853945e-01
7.038390368993445723e-01,6.187542586485748064e-01,9.733615053308291021e-01,7.286818391793589145e-01,1.236880602496349679e-01,7.648796111190534486e-01,9.581465137935869514e-01,4.713526274970113450e-01,2.808154706979599791e-01,9.030126744087453305e-01,2.101054206101742317e+00
4.957875605563011323e-02,4.538369308088701093e-01,9.830224060887513549e-01,5.556891227079363560e-03,9.998778025960065596e-01,6.426370328753359118e-01,2.721862291399180789e-01,2.208506348370076200e-02,4.816876720896373643e-01,3.655941857165513342e-01,9.079775049141785015e-01
7.408590107629338117e-01,8.082526232446881620e-01,7.176123623876909940e-01,9.821325801797810007e-01,7.546838710303205300e-02,2.506329606538165722e-01,9.084203181695793550e-01,3.383969908158240836e-01,4.862888142646265566e-01,4.905136598536442571e-01,1.738006958231879118e+00
4.981091728875508551e-02,4.479068045738701098e-01,6.119391867275628671e-01,4.996618421626122242e-01,9.372072385104704972e-01,4.646494056781976800e-01,9.120189982953835761e-01,1.646810862346103077e-01,4.678148466730663868e-01,9.874903740718845579e-01,1.065578452284798416e+00
3.353591979807172274e-01,5.779318855562773916e-01,6.317021385685905877e-03,6.696774923891876119e-01,2.609556993509960510e-01,4.151779316266853703e-01,4.767093501741916928e-01,1.976930027564319792e-01,1.452803973405368820e-01,2.394549099684618598e-01,3.302420159394107713e-01
2.527774732893743881e-01,7.330375351498995551e-01,9.789843182257574883e-01,6.136908256700092101e-01,9.403575549096353514e-01,8.649401192103379765e-01,4.334744468832152364e-02,7.174930221206815562e-01,7.954738842420721046e-01,7.817103625331406347e-01,2.270081523853194838e+00
2.220756781032438010e-01,8.395416338877680351e-01,6.283764161975198270e-01,3.242537193983341393e-02,9.485485246815290594e-01,8.483195056414489787e-01,9.907475470674476092e-01,5.810502871876105369e-01,7.213672858673380039e-01,7.588057212748837710e-01,1.574697226517304927e+00
1.680452010828314968e-01,9.274879050979152328e-01,2.145456117298495391e-01,6.054807044579972874e-01,6.155949100886768388e-01,1.596904324595147528e-01,4.425644663344641128e-01,5.815048346571112248e-01,5.480700629173707039e-02,3.261643091280537199e-01,3.993184566128432089e-01
3.602272466003130225e-01,5.818485665977050081e-01,5.768327520251061991e-01,9.270381037327393159e-01,2.505164503373702445e-01,2.810952233591578198e-01,1.430593965619665342e-01,2.539633069695850232e-01,3.047047560282053480e-01,9.840839830409128242e-01,9.900294771989324172e-01
7.820080486004301612e-01,3.489259562297903905e-01,9.801389110983542707e-01,2.359096111461255196e-01,2.249047866837738940e-01,2.432639032380805588e-01,3.950278168951888436e-01,7.732980716823990575e-01,9.962807528071782048e-01,5.575790584107304104e-01,9.995092357211976530e-01
1.693510862978786502e-01,7.915705208340728660e-03,5.496600783026001080e-01,3.848771772304117045e-01,4.903275934202072639e-01,7.280512941920924685e-02,2.701602951002819442e-01,3.093750016132049696e-01,8.408468866275907727e-01,6.418617782486607526e-01,3.127469639755464659e-01
8.560554221371233785e-01,3.145656492566737406e-01,7.017358969420616210e-01,8.131825161444075079e-01,4.060592127951825336e-01,3.871498004230499168e-01,3.884621315464338309e-01,1.226453287235755862e-01,5.445979815393975354e-02,1.368675136921074786e-01,1.052424818522550654e+00
4.060461424956103293e-01,4.371785474713234532e-01,7.745992181102407947e-01,7.490184456494393128e-01,8.596152134179603221e-01,8.259708647558343664e-01,4.428916132249052229e-01,1.828061954117935484e-01,8.424073976756738524e-01,4.230055859509807004e-01,1.889852186585375682e+00
7.255856803100280139e-01,2.941137442982439953e-01,5.479919025481660988e-01,8.730243547834116713e-01,8.012599804534695780e-01,6.191948061462039243e-01,3.228879482484362518e-01,1.774885615537609151e-01,1.612682459431374893e-01,2.619085044220248459e-02,1.234620319833727997e+00
8.072401665752941824e-01,6.403651379110878450e-01,8.134411341136607021e-01,2.727223751712446465e-01,4.093095748004438317e-01,9.143618091739060816e-01,3.491144661070744171e-02,5.974223459494526489e-01,2.686513071720219026e-01,8.740864593424816364e-01,1.770727808102560363e+00
9.963088294452748794e-01,8.184578041920975711e-02,5.979331172400392802e-02,9.581956665186348587e-01,6.686283012242182355e-01,4.802040622755576749e-03,8.599741072404096798e-01,3.261312476176458919e-01,9.414831017680291847e-01,9.678541497904072921e-01,9.489885756681301077e-01
1.570285534235961178e-01,9.693570073512094432e-01,6.855227668133427876e-01,9.126908876989456854e-01,4.690897498917215858e-01,8.487430552144308304e-01,9.758962504295268792e-01,4.548945355600820806e-01,7.219839147407198787e-01,9.036410607188843924e-01,1.812431082872043131e+00
1.166050421706934515e-01,1.437756961914512521e-01,5.449473654564089831e-01,7.922640300061296603e-01,2.107887927734746203e-01,2.715370823083815832e-01,9.583145679154200236e-01,1.003412984974274558e-01,2.141133807349718809e-01,3.046984644275221310e-01,5.747573660369450499e-01
4.253656069708158238e-01,1.251770357317441018e-01,3.130999049856131311e-02,3.026869730358313637e-01,7.720627301545520682e-01,4.044259848904496746e-01,3.493948376985600568e-02,2.093545670096954581e-01,7.404872677806665360e-01,1.968569893527886139e-01,3.884632405113228049e-01
6.780233060542761869e-03,2.054953486455024514e-01,6.112281552401864770e-01,7.513321297683530631e-01,6.789953232548786577e-01,4.708575878265417458e-01,7.587557734761518624e-02,1.988635337936807135e-01,9.112147474698809591e-01,6.733766687897175807e-01,9.746062941849246153e-01
4.904634514563955827e-01,9.175067896855167993e-01,7.197610432401990721e-01,7.093443535915860965e-01,7.295216489194998877e-01,9.750642070212305335e-01,7.324481636672856011e-01,3.133375983930042352e-02,8.724336293056288438e-01,8.981921484205881434e-01,2.615667792484805076e+00
3.638495570853709227e-01,1.697253382042117620e-01,8.081757840194599973e-01,5.745924886662854281e-01,9.504210379339531611e-01,1.146171522490795347e-01,4.907649041666415357e-01,6.883122179382342720e-01,5.967992353629074653e-01,9.038046704153112065e-01,8.253481454139954820e-01
6.151643535735069612e-01,8.094047644387442064e-01,9.046302330462245855e-01,8.023234097728421110e-01,4.566777025550046165e-01,6.887162339464973915e-01,3.597570490353173556e-01,6.164693730022905438e-01,5.283245471736806032e-01,9.434055730649399951e-01,2.242940974719806135e+00
2.002844517031737714e-01,9.774397641328592679e-01,9.194090063776435562e-01,1.708283818959732692e-02,1.354908671097850847e-01,8.076811713535361203e-01,8.788147389889817696e-01,9.693091665150793679e-01,4.741031355688054560e-01,4.034001998459975091e-01,7.039144953684542960e-01
4.942179056012913074e-01,7.423911636302845674e-01,9.154088686325122515e-01,6.019760236996892777e-01,9.098447780979568300e-02,4.066774780076314322e-01,9.352193718602830330e-01,2.686832322404175688e-01,6.006458962894125619e-01,9.206394930022867573e-01,1.575310509445007501e+00
9.722778171583075224e-01,3.516131227058872932e-01,8.659098734903000194e-01,6.162878349066011063e-01,6.480351671236782574e-01,1.927594670844134939e-01,2.948440192321011288e-02,6.666286544041156725e-01,5.204668637897506001e-01,9.158162723577782938e-01,1.168211537206596651e+00
5.798256842612847795e-02,9.658973251646352232e-02,4.785642230310289680e-01,5.088374210368834527e-01,2.333368227283471041e-01,6.789469240054768484e-01,5.683166620519735091e-01,6.142006309861344215e-01,5.411639706069885092e-01,9.573772650959478936e-01,7.364386484504439334e-01
7.332678999221320382e-01,5.794821151289059058e-01,2.295084734365285817e-01,7.365109740039843533e-02,2.931926827854395290e-01,7.359792249831614841e-01,4.459675984732929255e-01,8.288744328015578144e-01,8.307513379117333896e-01,5.464825552126629793e-01,1.021578260838698515e+00
3.615769145638546567e-01,7.484340447471612423e-01,4.987504150079034027e-01,7.044577089750778676e-01,1.592657641769702481e-01,2.013044422875023276e-01,1.734051931359104071e-01,3.251434185515175157e-01,6.197899359812975018e-01,5.570681163625713639e-01,7.488163718615734599e-01
9.546131686709060649e-01,1.982419083996538323e-01,7.835757533345987236e-01,8.331617735328630259e-01,6.518927158493802443e-01,1.604232236163213310e-01,9.701495745400801063e-01,2.673492863130750852e-01,8.035248243740811258e-01,3.254698637282225082e-01,1.731739662739358421e+00
9.768467989267680673e-01,3.741323407376829779e-01,2.841134634300621631e-01,6.081731411516179131e-01,6.596634006580456289e-01,6.258523927085164473e-01,6.830216087491806087e-01,1.258597135576782211e-01,3.922097535500780330e-01,3.446406564507892289e-01,1.274078973176566265e+00
5.029369010941956430e-01,4.087164324907540669e-01,1.663577225508707791e-01,6.298099765197686661e-01,5.127141762933785651e-01,5.060014021604806178e-01,2.826716659160616318e-01,5.135368847347047128e-01,5.011553241290954697e-01,9.083091486270088444e-01,7.174726330832166266e-01
9.150375960590320101e-01,4.615818160160294337e-01,6.077171488586206038e-01,8.973666110219391534e-01,7.281727869799615727e-01,7.384648309542730660e-01,7.259498624834282987e-01,3.017088326383099428e-02,1.506924532410927053e-01,6.345323479303097702e-01,1.890304471211565751e+00
6.748079819476031638e-01,7.175917544869322429e-01,2.881973867504092901e-01,9.168421911277055969e-01,6.940387269306866891e-01,6.341683475462366326e-01,7.035274311463574071e-01,7.714783987573208268e-01,5.339518306970449935e-01,6.898422649441449117e-02,1.454704963898628467e+00
5.071563341109096568e-01,5.465298262041030641e-01,7.625343161594718699e-01,4.702153446349262023e-01,6.340448952638522151e-03,1.338969019146207806e-01,5.334760975379189141e-01,2.284542299913460139e-01,3.444099164028745497e-01,3.862254572016053933e-01,7.691964587897859307e-01
3.019711693738661440e-01,5.528322660313339520e-01,5.793620046107548216e-01,8.404753619243816587e-01,2.645747571365160145e-01,7.839724224539357245e-02,4.441632264493818871e-01,9.426594523236071499e-01,8.914741262225557294e-01,9.772194440425974182e-02,7.986279073952227137e-01
5.486848353544140355e-01,6.760918364784664902e-01,8.934661178069597254e-01,3.486257729302276731e-01,1.532443080086504095e-01,3.329409446005437978e-02,3.583432275977098680e-01,4.704938939927310049e-01,5.218491128927044143e-01,9.936112432881272216e-02,7.931091594199918271e-01
8.374045005939583231e-01,5.244313441133556797e-01,5.918272581948814670e-01,1.981899851422079806e-01,8.637043598145438539e-01,6.710997005598122733e-01,2.769276839238468124e-01,3.673061742994554457e-02,2.007186122276841678e-01,9.082284697737754708e-01,1.543359614315767736e+00
3.804524199781064153e-01,7.724105185342908797e-01,5.072057275088535100e-01,3.958101784583312188e-02,7.422270435152069634e-01,2.916658960767992692e-01,8.118493173948649888e-01,4.340416734785061958e-01,8.595286152530060564e-01,1.263966781579588528e-01,8.146045649447132275e-01
3.955820708354008675e-01,7.779302429499854732e-01,4.223862932066756448e-01,4.517567520033586304e-01,5.495293586823546406e-01,9.389900432180326995e-01,5.159837753010317885e-01,2.489653368620968754e-01,5.225380855773885669e-01,3.433315397259355528e-01,1.257381976812541824e+00
3.605608425411693796e-01,8.714461868855156723e-01,5.469617009646929873e-01,2.886295526193624061e-01,2.357190256060548439e-02,8.727811738154649390e-01,7.580593014796389584e-01,5.237098056767096610e-01,3.335989288592715596e-01,7.210809920499330339e-01,9.280613349590347561e-01
2.771354255840400294e-01,1.718835847600833633e-01,5.802697146413671181e-01,2.461841037933254484e-02,5.613371905636255210e-02,9.101800073184667106e-01,6.363964726005139072e-01,7.797959293472942477e-01,5.161104687475362995e-01,1.096894361713257604e-01,2.619699760972543645e-01
5.483290111178769077e-01,2.147676809431920963e-01,1.802441505606888761e-02,4.775203660564202313e-01,3.870145173781974757e-01,1.222320727068276769e-01,6.054334446626746802e-01,2.188861346302631850e-01,8.873596562992093206e-01,1.255490070673168645e-01,4.685353167084598258e-01
2.674037924198003902e-01,4.689212420502316681e-01,2.975346780242864586e-01,5.024715692008411283e-01,9.099057140219909412e-01,9.463242499807973385e-01,4.439317410285189558e-01,3.778956631478618267e-01,2.753042706546060536e-02,2.906613159375152078e-01,1.221067832171122580e+00
9.270520389092845592e-01,8.937444910801405351e-01,1.857807202182157891e-01,6.630087703771904151e-01,9.445794384188235249e-01,2.597761624240066958e-01,5.573756447827826754e-02,6.107706460904167578e-01,2.161232193653145339e-01,2.728685777568164994e-01,1.221437578951010572e+00
9.509899987556296175e-01,9.495687822317048221e-01,9.806304128153997546e-01,3.917096754333196928e-01,3.771753803028502494e-01,7.947308132138038994e-01,8.037438872767138642e-01,3.274351567386355466e-01,9.144104584092567212e-01,5.128029390267430099e-02,2.325802200384998741e+00
2.925463707329410967e-01,7.791996136109613502e-01,7.484604648057117116e-01,7.643176053158312611e-01,4.813670092233446329e-01,1.318102889064387551e-02,2.427515817536430864e-01,5.569301159385589006e-01,8.431670261413457546e-01,5.137099710131741714e-01,8.713048655456859803e-01
3.843436723184852077e-01,6.788589886401625861e-01,9.615491076209514709e-02,7.589185218496402596e-01,3.720061731616328693e-01,2.541561105836378509e-01,4.148728894242870169e-01,9.085802243370136866e-01,5.673702613602732425e-01,1.310136285936647216e-02,5.192260443901320910e-01
4.715905208712757313e-01,6.053173877414246284e-01,4.184690145547573792e-01,2.503518942744008546e-01,5.051495101188018255e-01,4.042356580117593134e-01,3.587745555956015631e-01,3.335363396732889951e-01,4.931911171661118587e-01,7.147333352670509621e-01,7.987755709575961038e-01
1.136158661225484812e-01,5.697423128770353618e-01,9.799881298060477697e-01,1.037308792230482446e-01,9.653985916485524621e-01,6.833871691476585131e-01,4.344939985656112169e-01,9.081897175687456691e-01,1.610673037640578675e-01,8.114789809423402778e-01,1.377535615597960339e+00
1.559482170070651819e-01,8.443741698271736151e-01,5.105753134365472734e-01,6.784622590781878015e-01,6.064850304650892809e-02,3.424265189518760355e-02,4.501667664031772098e-01,9.572068976454217726e-02,3.210531162230075841e-01,3.566517861396333311e-01,5.089357941464119905e-01
5.168044376774101334e-01,1.686294617722441380e-01,7.552345851417726630e-01,9.447726221672334557e-01,9.020886804299261819e-01,8.469353710139383429e-01,5.874420133775618558e-01,1.184357393068687925e-01,9.978547739218067703e-01,4.202169852388080162e-01,2.136411031741919153e+00
2.711043221305873274e-01,5.835489878553962173e-01,8.249364581340101754e-02,5.945321258041843526e-01,4.654285979926422456e-01,1.645899401082222546e-01,5.556185939907398730e-02,2.182622443040098670e-01,2.329463117804820849e-01,5.187152579534362040e-01,2.944044456375826124e-01
9.950631762155597304e-01,8.488051393461141236e-01,5.557714590686176903e-01,4.973209104084544974e-01,4.746724352558157056e-01,5.703292491048717050e-01,9.208417830871657994e-01,9.520540746486239048e-02,9.901953641162843933e-01,3.812863506375483436e-01,2.419900254054856426e+00
8.422390297974262641e-01,4.052004288135746535e-01,5.610778245549052912e-02,2.137880002496280740e-01,2.216844234429801164e-01,6.185557666552549128e-01,6.535269053062785494e-01,1.302618847819553283e-01,8.771769873299386511e-01,7.241425121040567792e-01,9.983478083082416576e-01
1.422947082875098967e-01,3.887365430036919811e-01,9.735035312009032715e-01,5.255453911061153116e-01,1.283926448410794841e-01,9.145386197961659080e-01,3.982876426152229810e-01,3.665413683348570650e-01,7.520232467185010705e-01,5.348118113207851465e-01,1.203122285548099413e+00
4.739837747849443561e-01,1.502655267812066375e-01,3.028345626094042231e-02,6.608652052434391688e-01,2.546993511230146723e-01,3.368604632438372271e-01,9.041731318732528777e-01,5.463168051362508049e-01,1.873635776062869684e-01,8.904855433725409330e-01,2.664161256752115015e-01
6.626748360680604355e-01,6.743451927513934852e-01,7.496277331664931154e-01,7.032749323131827213e-01,7.377513072256589588e-01,8.727719312343191760e-01,4.331348367092091589e-01,1.194349307227650092e-01,7.119583109495246642e-01,5.916791733626289851e-01,2.209414763304736518e+00
2.693597242701880612e-01,8.886705668266594582e-01,7.267111965896343451e-01,7.725510486175289904e-01,5.555309696317796142e-01,4.122538380245885925e-01,2.491772386507516979e-01,4.901556930319073135e-01,3.639661361848303134e-01,8.975287351319619633e-01,1.323132289961208574e+00
7.605582404583567380e-01,3.065464767298454740e-01,7.241319042208294032e-01,2.762118225087496493e-01,2.169933982172735920e-01,5.908679347215716193e-01,8.279079055635404361e-01,7.944300120569716128e-01,6.101441462374781466e-01,8.670673799149944960e-01,1.316554409028303896e+00
9.254806005807018066e-01,1.934947961716166898e-01,7.473588145637637403e-01,6.533684558074982496e-01,7.308157173143677854e-01,6.395497695467988741e-02,1.767294823625847888e-01,9.003175854002980483e-01,3.841191220718642718e-02,9.737476708262012837e-01,7.669408231542906851e-01
3.024360885186134773e-01,6.585824460387443846e-01,6.413614421002120647e-01,9.390409374345743965e-01,7.869078030202817375e-01,6.140044373676134537e-02,4.364855710900048535e-01,6.179716054041359818e-01,6.774436985309177928e-01,5.371362852384278241e-01,9.603412555993122712e-01
9.818720966747416234e-01,7.136264542135467570e-01,6.468876540102704853e-01,9.452055630405091780e-01,8.206768533660566689e-01,5.710530084380753824e-01,5.786382687873291575e-01,1.272557541659093960e-01,4.675857476764178067e-02,6.140328418237304131e-01,2.034175641438054960e+00
1.468092485315316553e-01,9.887655381668201127e-01,3.173921631991545311e-01,8.268516970895775087e-01,5.022195047572114435e-01,2.762863138425819542e-02,7.112140524744868797e-01,7.946225329149105843e-01,4.535455903726193227e-02,9.693391745341604082e-01,4.347076514127016789e-01
3.663863936464979432e-01,1.173027496440592898e-01,2.090299529044571392e-01,8.293111732741597075e-01,4.998551110757099014e-02,9.752977693009018401e-01,9.388954079401909958e-01,1.338239470564970279e-01,7.652398662547194030e-01,4.952054476549104800e-01,6.292769074871749080e-01
4.892748989007789095e-02,6.806712993853658578e-01,3.430692651581820352e-01,4.305155175033998916e-01,1.512562473111512817e-01,4.043855508639485619e-01,9.896690413135956765e-01,8.327178274122267743e-01,7.648115392216784381e-01,3.432386034435126465e-01,3.268180074655202549e-01
3.193063395579643915e-01,4.686888300143565722e-01,1.094597672670866162e-01,5.974125978593908259e-01,2.611329413590895987e-01,4.438637584028566341e-01,6.512437244672962811e-01,5.315093947387595774e-01,2.631471102527065398e-01,3.654742688227099467e-01,4.034325112549089765e-01
9.946285839821079611e-01,5.411529527426806041e-01,4.892002566150480680e-01,7.761431241557972260e-01,8.880551940321561588e-01,6.521199697867776646e-01,2.121882238606573878e-01,2.016921471174678571e-01,9.960198026209081679e-01,4.899611499284884930e-01,1.863568656843885618e+00
1.117630992556782887e-01,9.558474312513082216e-01,7.269466419726280382e-01,6.066442372276620310e-01,4.227109884741064860e-02,3.413106987828357086e-01,8.022443836690252850e-01,1.556382859907438077e-01,3.564266916968422683e-01,7.765718262590339815e-01,7.868905875015843598e-01
9.336481502285616241e-01,5.834317124379519992e-01,8.914861702514167430e-01,3.069837150875934784e-01,5.957205215744632021e-01,8.586310831412080624e-01,5.441283799325159487e-01,5.598980887567810427e-01,7.163706537691717502e-01,3.130753689364632608e-01,1.933475606631267940e+00
4.092445326178584253e-01,1.156022851702952492e-01,7.183814836706869933e-01,4.831247572375150234e-01,4.021399361744426582e-01,3.108450521331639349e-01,1.076836796025428811e-01,7.840937953772920688e-01,9.376601308444165728e-01,1.778082031915908523e-01,6.004079160443380747e-01
4.231614661326639215e-01,2.449425505569962080e-01,7.842294498022350790e-02,6.150389067995731818e-01,8.722485604433208861e-01,1.100021517695064510e-01,8.264225542121282908e-01,3.083072364886155770e-01,8.169788153902749483e-01,2.740013809836023828e-01,5.359021637286213169e-01
7.269154094764503915e-01,8.028558903752469611e-01,5.544963611424872374e-01,5.859414381148618789e-01,2.290502081689785863e-01,3.282997520726127494e-01,2.423615872068635158e-01,3.841138204658961497e-01,6.059038393067317507e-02,9.283566375438923046e-03,9.960724240502466520e-01
